n_b;n_a;stride;training_length;input;output;runtime
1;1;4096;20;1;1;150952
1;1;4096;20;1;1;161894
1;1;4096;20;0;0;149635
1;1;4096;20;0;0;157683
1;1;4096;20;1;1;158715
1;1;4096;20;1;1;178837
1;1;4096;20;1;1;172468
1;1;4096;20;1;0;370901
1;1;4096;20;0;0;162311
1;1;4096;20;1;1;191390
1;1;4096;20;1;1;156582
1;1;4096;20;1;1;155426
1;1;4096;20;0;0;163086
1;1;4096;20;0;0;143032
1;1;4096;20;1;1;138568
1;1;4096;20;1;1;152658
1;1;4096;20;0;0;433630
1;1;4096;20;1;1;204227
1;1;4096;20;0;0;198526
1;1;4096;20;1;1;163455
1;1;4096;20;1;1;166231
1;1;4096;20;0;0;139111
1;1;4096;20;0;0;153556
1;1;4096;20;0;0;152346
1;1;4096;20;1;1;154783
1;1;4096;20;1;1;186972
1;1;4096;20;1;1;161274
1;1;4096;20;1;1;152667
1;1;4096;20;1;1;157030
1;1;4096;20;1;1;154357
1;1;4096;20;1;1;141346
1;1;4096;20;0;0;155899
1;1;4096;20;0;0;168139
1;1;4096;20;1;1;398174
1;1;4096;20;0;0;170487
1;1;4096;20;0;0;157940
1;1;4096;20;0;0;157774
1;1;4096;20;1;1;153413
1;1;4096;20;0;0;157625
1;1;4096;20;0;0;189576
1;1;4096;20;0;0;150423
1;1;4096;20;1;1;156405
1;1;4096;20;0;0;158428
1;1;4096;20;0;0;148223
1;1;4096;20;1;1;409308
1;1;4096;20;0;0;163532
1;1;4096;20;1;1;161838
1;1;4096;20;0;0;353988
1;1;4096;20;1;1;160009
1;1;4096;20;0;0;154188
1;1;4096;20;0;0;152445
1;1;4096;20;1;1;143225
1;1;4096;20;0;0;155237
1;1;4096;20;0;0;155170
1;1;4096;20;0;0;157218
1;1;4096;20;0;0;155519
1;1;4096;20;1;1;142040
1;1;4096;20;0;0;137737
1;1;4096;20;1;1;154194
1;1;4096;20;1;1;167122
1;1;4096;20;1;1;180672
1;1;4096;20;0;0;244032
1;1;4096;20;0;0;148805
1;1;4096;20;1;1;361429
1;1;4096;20;0;0;153429
1;1;4096;20;1;1;200829
1;1;4096;20;1;1;160079
1;1;4096;20;1;1;221436
1;1;4096;20;0;0;153736
1;1;4096;20;1;1;142306
1;1;4096;20;0;0;150089
1;1;4096;20;0;0;148915
1;1;4096;20;0;0;149308
1;1;4096;20;0;0;165239
1;1;4096;20;0;0;168625
1;1;4096;20;1;1;155126
1;1;4096;20;1;1;154815
1;1;4096;20;0;0;141750
1;1;4096;20;0;0;146236
1;1;4096;20;1;1;147543
1;1;4096;20;1;1;148492
1;1;4096;20;0;0;141844
1;1;4096;20;1;1;158839
1;1;4096;20;1;1;222248
1;1;4096;20;1;1;155109
1;1;4096;20;1;1;148594
1;1;4096;20;0;0;150103
1;1;4096;20;1;1;245779
1;1;4096;20;1;1;160502
1;1;4096;20;1;1;148003
1;1;4096;20;1;1;154448
1;1;4096;20;1;1;160405
1;1;4096;20;1;1;143103
1;1;4096;20;0;0;158910
1;1;4096;20;1;1;144551
1;1;4096;20;0;0;150485
1;1;4096;20;1;1;156808
1;1;4096;20;0;0;159042
1;1;4096;20;1;1;152711
1;1;4096;20;0;0;150993
2;1;4096;20;11;11;155743
2;1;4096;20;11;11;258416
2;1;4096;20;10;11;177233
2;1;4096;20;10;10;201399
2;1;4096;20;01;11;163861
2;1;4096;20;11;11;161367
2;1;4096;20;01;01;154145
2;1;4096;20;01;01;157141
2;1;4096;20;00;00;160046
2;1;4096;20;11;11;157801
2;1;4096;20;11;11;160823
2;1;4096;20;11;11;155060
2;1;4096;20;00;00;154854
2;1;4096;20;10;10;162618
2;1;4096;20;11;11;157746
2;1;4096;20;01;01;162108
2;1;4096;20;00;00;173293
2;1;4096;20;01;01;238684
2;1;4096;20;10;10;319362
2;1;4096;20;01;01;161062
2;1;4096;20;11;11;162706
2;1;4096;20;00;00;164760
2;1;4096;20;10;10;157895
2;1;4096;20;10;10;156201
2;1;4096;20;01;01;164669
2;1;4096;20;01;01;161644
2;1;4096;20;01;01;161842
2;1;4096;20;01;01;156513
2;1;4096;20;11;11;164666
2;1;4096;20;11;11;157299
2;1;4096;20;01;01;218917
2;1;4096;20;00;00;166584
2;1;4096;20;10;10;150835
2;1;4096;20;11;11;159802
2;1;4096;20;10;10;154139
2;1;4096;20;00;00;158755
2;1;4096;20;00;00;148652
2;1;4096;20;11;11;158900
2;1;4096;20;00;00;153593
2;1;4096;20;00;00;158873
2;1;4096;20;10;10;155238
2;1;4096;20;01;01;165420
2;1;4096;20;10;10;159993
2;1;4096;20;00;00;147541
2;1;4096;20;01;01;151283
2;1;4096;20;10;10;215676
2;1;4096;20;01;01;169312
2;1;4096;20;10;00;157246
2;1;4096;20;11;11;401276
2;1;4096;20;00;00;161660
2;1;4096;20;10;10;160042
2;1;4096;20;01;01;164026
2;1;4096;20;10;10;164206
2;1;4096;20;10;10;157258
2;1;4096;20;00;00;164518
2;1;4096;20;10;10;156964
2;1;4096;20;11;11;156506
2;1;4096;20;10;10;203276
2;1;4096;20;01;01;152016
2;1;4096;20;11;11;163277
2;1;4096;20;01;01;392147
2;1;4096;20;10;11;168805
2;1;4096;20;10;10;141983
2;1;4096;20;11;11;156146
2;1;4096;20;00;00;154748
2;1;4096;20;01;01;163758
2;1;4096;20;11;11;273548
2;1;4096;20;11;11;163183
2;1;4096;20;10;10;159931
2;1;4096;20;01;01;150053
2;1;4096;20;00;00;154785
2;1;4096;20;00;00;153330
2;1;4096;20;10;10;156903
2;1;4096;20;00;00;159842
2;1;4096;20;10;10;148249
2;1;4096;20;11;11;222551
2;1;4096;20;01;01;160179
2;1;4096;20;10;10;153446
2;1;4096;20;00;00;161242
2;1;4096;20;11;11;158771
2;1;4096;20;11;11;157448
2;1;4096;20;00;00;157486
2;1;4096;20;11;11;146864
2;1;4096;20;01;01;159493
2;1;4096;20;01;01;151436
2;1;4096;20;11;11;253668
2;1;4096;20;10;10;191049
2;1;4096;20;11;11;161026
2;1;4096;20;01;01;160784
2;1;4096;20;01;01;154900
2;1;4096;20;11;11;179039
2;1;4096;20;11;11;161629
2;1;4096;20;11;11;165356
2;1;4096;20;10;10;152122
2;1;4096;20;01;01;156272
2;1;4096;20;00;00;162162
2;1;4096;20;01;01;159985
2;1;4096;20;10;10;154077
2;1;4096;20;01;01;148111
2;1;4096;20;00;00;161571
3;1;4096;20;111;111;162856
3;1;4096;20;111;111;158267
3;1;4096;20;010;010;247687
3;1;4096;20;010;111;155804
3;1;4096;20;101;101;166156
3;1;4096;20;011;011;165516
3;1;4096;20;101;101;189504
3;1;4096;20;101;101;164522
3;1;4096;20;000;111;163270
3;1;4096;20;011;011;164327
3;1;4096;20;111;111;159035
3;1;4096;20;111;111;166037
3;1;4096;20;000;000;170646
3;1;4096;20;010;010;167940
3;1;4096;20;011;011;155336
3;1;4096;20;101;101;159397
3;1;4096;20;100;100;163006
3;1;4096;20;001;001;168472
3;1;4096;20;110;110;174537
3;1;4096;20;001;001;169319
3;1;4096;20;111;111;200920
3;1;4096;20;000;000;172487
3;1;4096;20;010;010;167847
3;1;4096;20;110;110;161111
3;1;4096;20;001;001;175179
3;1;4096;20;101;101;167425
3;1;4096;20;101;101;171822
3;1;4096;20;101;101;160221
3;1;4096;20;011;011;163388
3;1;4096;20;111;111;177082
3;1;4096;20;101;101;166276
3;1;4096;20;000;000;162149
3;1;4096;20;010;010;164335
3;1;4096;20;111;111;156493
3;1;4096;20;110;110;167811
3;1;4096;20;000;000;311803
3;1;4096;20;100;100;201644
3;1;4096;20;111;111;154591
3;1;4096;20;000;000;166229
3;1;4096;20;100;100;164290
3;1;4096;20;010;010;167591
3;1;4096;20;101;101;163164
3;1;4096;20;110;110;154575
3;1;4096;20;100;100;155901
3;1;4096;20;001;001;149961
3;1;4096;20;010;010;164506
3;1;4096;20;101;101;164411
3;1;4096;20;110;110;163203
3;1;4096;20;111;111;328112
3;1;4096;20;100;100;166029
3;1;4096;20;010;010;232009
3;1;4096;20;001;001;158989
3;1;4096;20;010;010;158206
3;1;4096;20;110;110;165813
3;1;4096;20;000;000;158828
3;1;4096;20;110;110;153342
3;1;4096;20;111;111;160114
3;1;4096;20;010;010;162874
3;1;4096;20;001;001;162142
3;1;4096;20;111;111;255966
3;1;4096;20;001;001;157380
3;1;4096;20;010;010;164383
3;1;4096;20;010;010;160235
3;1;4096;20;011;011;151995
3;1;4096;20;000;000;153326
3;1;4096;20;001;001;231744
3;1;4096;20;111;111;165781
3;1;4096;20;111;111;163332
3;1;4096;20;010;010;158725
3;1;4096;20;101;101;167639
3;1;4096;20;000;000;169444
3;1;4096;20;100;100;164444
3;1;4096;20;110;110;163742
3;1;4096;20;000;000;158400
3;1;4096;20;110;110;161736
3;1;4096;20;011;011;157849
3;1;4096;20;001;001;162761
3;1;4096;20;010;010;156982
3;1;4096;20;000;000;157488
3;1;4096;20;011;011;153430
3;1;4096;20;011;011;171706
3;1;4096;20;100;100;159011
3;1;4096;20;111;111;295836
3;1;4096;20;001;111;164284
3;1;4096;20;101;101;160124
3;1;4096;20;011;011;167162
3;1;4096;20;110;110;157042
3;1;4096;20;111;111;152237
3;1;4096;20;001;001;157321
3;1;4096;20;001;001;162794
3;1;4096;20;011;011;150634
3;1;4096;20;111;111;161310
3;1;4096;20;011;011;166590
3;1;4096;20;110;110;160875
3;1;4096;20;001;001;173203
3;1;4096;20;000;000;168040
3;1;4096;20;001;001;168633
3;1;4096;20;110;110;166130
3;1;4096;20;101;101;163558
3;1;4096;20;100;100;162039
4;1;4096;20;0111;0111;162962
4;1;4096;20;0111;0111;158206
4;1;4096;20;1010;1010;165630
4;1;4096;20;1010;1010;175266
4;1;4096;20;1101;1101;165493
4;1;4096;20;1011;1011;250027
4;1;4096;20;1101;1101;167457
4;1;4096;20;0101;0101;167076
4;1;4096;20;1000;1000;167704
4;1;4096;20;0011;0011;166925
4;1;4096;20;1111;1111;174130
4;1;4096;20;1111;1111;160312
4;1;4096;20;0000;0000;218982
4;1;4096;20;1010;1010;167401
4;1;4096;20;1011;1011;163770
4;1;4096;20;0101;0101;154620
4;1;4096;20;1100;1100;162646
4;1;4096;20;1001;1001;167451
4;1;4096;20;0110;0000;177170
4;1;4096;20;1001;1001;168397
4;1;4096;20;0111;0111;164948
4;1;4096;20;0000;0000;208466
4;1;4096;20;0010;0010;219873
4;1;4096;20;1110;1110;164693
4;1;4096;20;1001;0000;168958
4;1;4096;20;1101;1101;174488
4;1;4096;20;0101;0000;171016
4;1;4096;20;0101;0101;174003
4;1;4096;20;0011;0011;173450
4;1;4096;20;0111;0111;176993
4;1;4096;20;0101;0101;166645
4;1;4096;20;1000;1000;170834
4;1;4096;20;1010;1010;170189
4;1;4096;20;0111;0111;259560
4;1;4096;20;0110;0110;207173
4;1;4096;20;1000;1000;172077
4;1;4096;20;0100;0100;167165
4;1;4096;20;0111;0111;178752
4;1;4096;20;1000;1000;167893
4;1;4096;20;1100;1100;175498
4;1;4096;20;1010;1010;170130
4;1;4096;20;1101;1101;395484
4;1;4096;20;0110;0110;172222
4;1;4096;20;0100;0100;161270
4;1;4096;20;1001;1001;171950
4;1;4096;20;0010;0010;166405
4;1;4096;20;0101;0101;251699
4;1;4096;20;0110;0110;164075
4;1;4096;20;0111;0111;163870
4;1;4096;20;1100;1100;162200
4;1;4096;20;1010;1010;170196
4;1;4096;20;1001;1001;163241
4;1;4096;20;0010;0010;170477
4;1;4096;20;1110;1110;167568
4;1;4096;20;1000;1000;168772
4;1;4096;20;0110;0110;163596
4;1;4096;20;1111;1111;165305
4;1;4096;20;1010;1010;175714
4;1;4096;20;1001;1001;161985
4;1;4096;20;1111;1111;161775
4;1;4096;20;1001;1001;170769
4;1;4096;20;0010;0010;169000
4;1;4096;20;0010;0010;158816
4;1;4096;20;1011;1011;168688
4;1;4096;20;1000;1000;164995
4;1;4096;20;0001;0001;165930
4;1;4096;20;0111;0111;165222
4;1;4096;20;1111;1111;162107
4;1;4096;20;1010;1010;208598
4;1;4096;20;1101;1111;160635
4;1;4096;20;0000;0000;163758
4;1;4096;20;0100;0100;168932
4;1;4096;20;1110;1110;171337
4;1;4096;20;0000;0000;159346
4;1;4096;20;0110;0000;168311
4;1;4096;20;0011;0011;169305
4;1;4096;20;0001;0001;164686
4;1;4096;20;0010;0010;156676
4;1;4096;20;0000;0000;249904
4;1;4096;20;0011;0011;171147
4;1;4096;20;0011;0011;169215
4;1;4096;20;1100;1100;260539
4;1;4096;20;0111;0111;164996
4;1;4096;20;0001;0001;161464
4;1;4096;20;0101;0101;166366
4;1;4096;20;0011;0011;159340
4;1;4096;20;1110;1111;180384
4;1;4096;20;1111;1111;168674
4;1;4096;20;0001;0001;159701
4;1;4096;20;0001;0001;171698
4;1;4096;20;1011;1011;219748
4;1;4096;20;0111;1111;162051
4;1;4096;20;1011;1011;168980
4;1;4096;20;1110;1110;166165
4;1;4096;20;0001;0001;167923
4;1;4096;20;0000;0000;174423
4;1;4096;20;0001;0001;169618
4;1;4096;20;1110;1110;170380
4;1;4096;20;1101;1101;164683
4;1;4096;20;0100;0100;159503
5;1;4096;20;00111;00111;164881
5;1;4096;20;00111;00111;316068
5;1;4096;20;11010;11111;164139
5;1;4096;20;11010;00000;181187
5;1;4096;20;11101;11101;178486
5;1;4096;20;11011;11011;192719
5;1;4096;20;11101;11101;169967
5;1;4096;20;10101;10101;167670
5;1;4096;20;11000;11000;169073
5;1;4096;20;00011;00011;178445
5;1;4096;20;01111;01111;167951
5;1;4096;20;11111;11111;171362
5;1;4096;20;10000;10000;258580
5;1;4096;20;01010;11111;171494
5;1;4096;20;11011;11011;174397
5;1;4096;20;10101;10101;168779
5;1;4096;20;11100;11100;403174
5;1;4096;20;11001;11001;168261
5;1;4096;20;10110;10110;174001
5;1;4096;20;11001;11001;267474
5;1;4096;20;00111;00111;176243
5;1;4096;20;10000;10000;173191
5;1;4096;20;00010;00010;172742
5;1;4096;20;01110;01110;167723
5;1;4096;20;01001;01001;175170
5;1;4096;20;11101;11101;162491
5;1;4096;20;10101;10101;168730
5;1;4096;20;00101;00101;169464
5;1;4096;20;10011;10011;167540
5;1;4096;20;10111;10111;168569
5;1;4096;20;00101;00101;169991
5;1;4096;20;01000;01000;334731
5;1;4096;20;01010;01010;180945
5;1;4096;20;00111;00111;173277
5;1;4096;20;00110;00110;178035
5;1;4096;20;01000;01000;190655
5;1;4096;20;00100;00100;185279
5;1;4096;20;10111;10111;180638
5;1;4096;20;01000;01000;175677
5;1;4096;20;11100;11100;174810
5;1;4096;20;11010;11010;170584
5;1;4096;20;01101;01101;168865
5;1;4096;20;00110;00110;172627
5;1;4096;20;00100;00100;170279
5;1;4096;20;11001;11001;169005
5;1;4096;20;10010;10010;258681
5;1;4096;20;00101;00101;408152
5;1;4096;20;00110;00110;178107
5;1;4096;20;00111;00111;180527
5;1;4096;20;11100;11100;175512
5;1;4096;20;01010;11111;176559
5;1;4096;20;11001;11001;177537
5;1;4096;20;00010;00010;178259
5;1;4096;20;11110;11110;178178
5;1;4096;20;01000;01000;173333
5;1;4096;20;00110;00110;173144
5;1;4096;20;11111;11111;179804
5;1;4096;20;11010;11010;173923
5;1;4096;20;01001;01001;179401
5;1;4096;20;01111;01111;170562
5;1;4096;20;11001;11001;279888
5;1;4096;20;10010;10010;184408
5;1;4096;20;00010;00010;174488
5;1;4096;20;01011;00000;173428
5;1;4096;20;01000;01000;172357
5;1;4096;20;00001;00001;174670
5;1;4096;20;10111;10111;255820
5;1;4096;20;01111;01111;253311
5;1;4096;20;01010;11111;170219
5;1;4096;20;11101;11101;173469
5;1;4096;20;00000;00000;163162
5;1;4096;20;10100;10100;173479
5;1;4096;20;11110;11110;175313
5;1;4096;20;10000;10000;174106
5;1;4096;20;10110;10110;169933
5;1;4096;20;10011;00011;333684
5;1;4096;20;00001;00001;175359
5;1;4096;20;10010;10010;180687
5;1;4096;20;10000;10000;172573
5;1;4096;20;00011;00011;179458
5;1;4096;20;00011;00011;171903
5;1;4096;20;11100;11100;170324
5;1;4096;20;10111;10111;261181
5;1;4096;20;10001;10001;210031
5;1;4096;20;00101;00101;163828
5;1;4096;20;10011;10011;171718
5;1;4096;20;01110;01110;168668
5;1;4096;20;01111;01111;171883
5;1;4096;20;10001;10001;173584
5;1;4096;20;00001;00001;171336
5;1;4096;20;01011;01011;181645
5;1;4096;20;10111;10111;172551
5;1;4096;20;11011;11011;182255
5;1;4096;20;01110;01110;177570
5;1;4096;20;00001;00001;176187
5;1;4096;20;00000;11111;177693
5;1;4096;20;00001;00000;180961
5;1;4096;20;01110;01110;173467
5;1;4096;20;01101;01101;173848
5;1;4096;20;10100;10100;173350
6;1;4096;20;100111;100111;179309
6;1;4096;20;100111;100111;178376
6;1;4096;20;111010;111010;178812
6;1;4096;20;111010;000000;179823
6;1;4096;20;011101;000101;237280
6;1;4096;20;011011;011011;187372
6;1;4096;20;111101;111101;183358
6;1;4096;20;110101;110101;181407
6;1;4096;20;111000;111000;179379
6;1;4096;20;000011;000011;279142
6;1;4096;20;101111;111111;182195
6;1;4096;20;111111;111111;180454
6;1;4096;20;010000;010000;173983
6;1;4096;20;101010;000000;182140
6;1;4096;20;011011;011011;173624
6;1;4096;20;010101;010101;178302
6;1;4096;20;111100;111100;269233
6;1;4096;20;111001;111001;174838
6;1;4096;20;010110;000000;183450
6;1;4096;20;011001;111111;329244
6;1;4096;20;000111;000111;175785
6;1;4096;20;110000;110000;332950
6;1;4096;20;000010;000010;188076
6;1;4096;20;001110;000000;189168
6;1;4096;20;001001;001001;187932
6;1;4096;20;011101;011101;191428
6;1;4096;20;110101;110101;180339
6;1;4096;20;100101;000000;192452
6;1;4096;20;110011;110011;173959
6;1;4096;20;110111;110111;174292
6;1;4096;20;100101;100101;184733
6;1;4096;20;001000;001000;179761
6;1;4096;20;001010;001010;174409
6;1;4096;20;100111;111111;220757
6;1;4096;20;000110;000110;186034
6;1;4096;20;001000;001000;182671
6;1;4096;20;100100;100100;319035
6;1;4096;20;110111;110111;178201
6;1;4096;20;101000;101000;170007
6;1;4096;20;011100;011100;181433
6;1;4096;20;011010;011010;180652
6;1;4096;20;101101;101101;176880
6;1;4096;20;000110;000110;174476
6;1;4096;20;000100;000100;183571
6;1;4096;20;111001;111001;180433
6;1;4096;20;010010;010010;181061
6;1;4096;20;000101;000101;184247
6;1;4096;20;000110;000110;293069
6;1;4096;20;100111;100111;189586
6;1;4096;20;111100;111100;176377
6;1;4096;20;101010;101010;186827
6;1;4096;20;011001;011001;181892
6;1;4096;20;100010;100010;181297
6;1;4096;20;011110;011110;179276
6;1;4096;20;001000;001000;177670
6;1;4096;20;000110;000110;179931
6;1;4096;20;111111;111111;162473
6;1;4096;20;011010;011010;178269
6;1;4096;20;101001;101001;180081
6;1;4096;20;101111;101111;176390
6;1;4096;20;111001;111001;391736
6;1;4096;20;110010;110010;179329
6;1;4096;20;000010;000010;183696
6;1;4096;20;101011;101011;297840
6;1;4096;20;101000;101000;177865
6;1;4096;20;100001;100001;177479
6;1;4096;20;010111;000000;188621
6;1;4096;20;001111;001111;190684
6;1;4096;20;001010;000000;182770
6;1;4096;20;011101;011101;180392
6;1;4096;20;000000;000000;173717
6;1;4096;20;010100;010100;183163
6;1;4096;20;111110;111110;180862
6;1;4096;20;010000;010000;178641
6;1;4096;20;110110;110110;178296
6;1;4096;20;010011;010011;181727
6;1;4096;20;100001;100001;178482
6;1;4096;20;110010;110010;177150
6;1;4096;20;110000;000000;188727
6;1;4096;20;000011;000011;179665
6;1;4096;20;000011;000011;180246
6;1;4096;20;011100;011100;185441
6;1;4096;20;010111;010111;263450
6;1;4096;20;110001;111111;186371
6;1;4096;20;000101;000101;181015
6;1;4096;20;110011;110011;178957
6;1;4096;20;001110;001110;179014
6;1;4096;20;101111;101111;174179
6;1;4096;20;110001;110001;174470
6;1;4096;20;000001;000001;170162
6;1;4096;20;001011;001011;258020
6;1;4096;20;110111;110111;173592
6;1;4096;20;111011;111011;241225
6;1;4096;20;001110;001110;195915
6;1;4096;20;100001;100001;295784
6;1;4096;20;100000;100000;184426
6;1;4096;20;000001;000001;185183
6;1;4096;20;001110;001110;188485
6;1;4096;20;001101;001101;185312
6;1;4096;20;010100;010100;187666
7;1;4096;20;1100111;1100111;176723
7;1;4096;20;1100111;1100111;187984
7;1;4096;20;1111010;1111010;184326
7;1;4096;20;0111010;0111010;183512
7;1;4096;20;1011101;1011101;181927
7;1;4096;20;0011011;0011011;178784
7;1;4096;20;0111101;0111101;185770
7;1;4096;20;1110101;1110101;273334
7;1;4096;20;1111000;1111111;191559
7;1;4096;20;0000011;0000011;197165
7;1;4096;20;1101111;1101111;191408
7;1;4096;20;0111111;0111111;183411
7;1;4096;20;1010000;1010000;283263
7;1;4096;20;0101010;1111111;190882
7;1;4096;20;0011011;0011011;187337
7;1;4096;20;1010101;1010101;187571
7;1;4096;20;1111100;0000000;180997
7;1;4096;20;0111001;0111001;279358
7;1;4096;20;1010110;1010110;185296
7;1;4096;20;0011001;0011001;188463
7;1;4096;20;1000111;1000111;273435
7;1;4096;20;0110000;0110000;223908
7;1;4096;20;1000010;1000010;185637
7;1;4096;20;0001110;0001110;254957
7;1;4096;20;1001001;1001001;275707
7;1;4096;20;1011101;1011101;184392
7;1;4096;20;0110101;0110101;184097
7;1;4096;20;0100101;0100101;184756
7;1;4096;20;1110011;1110011;181929
7;1;4096;20;1110111;1110111;178217
7;1;4096;20;0100101;0100101;185072
7;1;4096;20;1001000;1001000;182950
7;1;4096;20;0001010;0001010;183514
7;1;4096;20;1100111;1100111;179521
7;1;4096;20;1000110;1000110;188011
7;1;4096;20;0001000;0001000;349574
7;1;4096;20;1100100;0000000;176160
7;1;4096;20;0110111;0110111;480382
7;1;4096;20;1101000;1101000;186625
7;1;4096;20;0011100;0011100;182696
7;1;4096;20;0011010;0011010;188942
7;1;4096;20;1101101;1101101;186244
7;1;4096;20;1000110;0000000;190932
7;1;4096;20;1000100;1000100;188562
7;1;4096;20;1111001;1111001;181748
7;1;4096;20;0010010;0010010;187079
7;1;4096;20;1000101;1000101;187537
7;1;4096;20;1000110;1000110;188427
7;1;4096;20;1100111;1100111;187287
7;1;4096;20;1111100;1111100;180614
7;1;4096;20;0101010;0101010;276505
7;1;4096;20;0011001;0011001;183399
7;1;4096;20;0100010;0100010;192304
7;1;4096;20;0011110;0011110;178257
7;1;4096;20;0001000;0001000;350727
7;1;4096;20;1000110;1000110;224605
7;1;4096;20;0111111;0111111;181091
7;1;4096;20;1011010;1011010;204209
7;1;4096;20;1101001;1101001;359894
7;1;4096;20;1101111;1101111;183172
7;1;4096;20;0111001;0111001;182520
7;1;4096;20;0110010;0110010;183402
7;1;4096;20;1000010;1000010;179898
7;1;4096;20;0101011;0101011;184604
7;1;4096;20;0101000;0101000;188559
7;1;4096;20;1100001;1100001;184189
7;1;4096;20;0010111;0010111;188136
7;1;4096;20;0001111;0001111;190295
7;1;4096;20;0001010;0001010;187910
7;1;4096;20;0011101;0011101;193786
7;1;4096;20;1000000;1000000;192243
7;1;4096;20;0010100;0010100;183403
7;1;4096;20;0111110;0111110;184694
7;1;4096;20;0010000;0010000;184771
7;1;4096;20;1110110;1110110;182147
7;1;4096;20;1010011;1010011;264822
7;1;4096;20;1100001;1100001;175474
7;1;4096;20;0110010;0110010;185346
7;1;4096;20;1110000;1110000;189657
7;1;4096;20;0000011;0000011;183512
7;1;4096;20;1000011;1000011;190349
7;1;4096;20;0011100;1111111;205279
7;1;4096;20;1010111;1010111;187858
7;1;4096;20;1110001;1111111;180277
7;1;4096;20;0000101;0000101;179708
7;1;4096;20;1110011;1110011;179442
7;1;4096;20;1001110;1001110;173697
7;1;4096;20;0101111;0101111;184333
7;1;4096;20;1110001;1110001;183399
7;1;4096;20;1000001;1000001;193744
7;1;4096;20;0001011;0001011;181305
7;1;4096;20;0110111;0110111;179046
7;1;4096;20;0111011;0111011;442659
7;1;4096;20;0001110;1111111;183603
7;1;4096;20;0100001;0100001;185935
7;1;4096;20;0100000;1111111;185229
7;1;4096;20;0000001;0000001;281736
7;1;4096;20;1001110;1001110;183054
7;1;4096;20;1001101;1001101;189185
7;1;4096;20;0010100;0010100;187410
8;1;4096;20;01100111;01100111;197415
8;1;4096;20;01100111;01100111;193052
8;1;4096;20;11111010;00000000;194140
8;1;4096;20;00111010;00111010;195039
8;1;4096;20;11011101;11011101;195180
8;1;4096;20;00011011;00011011;191096
8;1;4096;20;10111101;10111101;193812
8;1;4096;20;11110101;11110101;190145
8;1;4096;20;01111000;01111000;180537
8;1;4096;20;00000011;00000011;188043
8;1;4096;20;01101111;01101111;187967
8;1;4096;20;10111111;10111111;203292
8;1;4096;20;11010000;11010000;190535
8;1;4096;20;10101010;10101010;192463
8;1;4096;20;00011011;00011011;200837
8;1;4096;20;11010101;11010101;185013
8;1;4096;20;01111100;01111100;195260
8;1;4096;20;10111001;10111001;189278
8;1;4096;20;01010110;01010110;190151
8;1;4096;20;00011001;00011001;190795
8;1;4096;20;11000111;11000111;186190
8;1;4096;20;00110000;00110000;187307
8;1;4096;20;11000010;11000010;191823
8;1;4096;20;00001110;00001110;184398
8;1;4096;20;01001001;01001001;190719
8;1;4096;20;11011101;11011101;186262
8;1;4096;20;10110101;10110101;196941
8;1;4096;20;00100101;00100101;187846
8;1;4096;20;01110011;01110011;193619
8;1;4096;20;01110111;01110111;192551
8;1;4096;20;10100101;10100101;186385
8;1;4096;20;01001000;01001000;269931
8;1;4096;20;00001010;11111111;234298
8;1;4096;20;11100111;11100111;184459
8;1;4096;20;01000110;01000110;197241
8;1;4096;20;10001000;10001000;184909
8;1;4096;20;11100100;11100100;181606
8;1;4096;20;10110111;10110111;188176
8;1;4096;20;01101000;00000000;180376
8;1;4096;20;00011100;00011100;197096
8;1;4096;20;10011010;10011010;486734
8;1;4096;20;01101101;01101101;192257
8;1;4096;20;01000110;01000110;201803
8;1;4096;20;01000100;01000100;228459
8;1;4096;20;11111001;11111001;199281
8;1;4096;20;10010010;10010010;195079
8;1;4096;20;01000101;01000101;191112
8;1;4096;20;11000110;11000110;202126
8;1;4096;20;11100111;11100111;194850
8;1;4096;20;11111100;11111100;202494
8;1;4096;20;00101010;00101010;194383
8;1;4096;20;10011001;10011001;193760
8;1;4096;20;10100010;10100010;188957
8;1;4096;20;10011110;00000000;190016
8;1;4096;20;00001000;00001000;184491
8;1;4096;20;01000110;01000110;197448
8;1;4096;20;00111111;00111111;317526
8;1;4096;20;11011010;11011010;190074
8;1;4096;20;01101001;01101001;194266
8;1;4096;20;11101111;11101111;189982
8;1;4096;20;00111001;00111001;184469
8;1;4096;20;00110010;00110010;180579
8;1;4096;20;11000010;11000010;182746
8;1;4096;20;00101011;00101011;189998
8;1;4096;20;10101000;10101000;272397
8;1;4096;20;01100001;01100001;229217
8;1;4096;20;00010111;00010111;185982
8;1;4096;20;10001111;10001111;184622
8;1;4096;20;10001010;10001010;184735
8;1;4096;20;00011101;00011101;398551
8;1;4096;20;01000000;01000000;187771
8;1;4096;20;10010100;00000000;193714
8;1;4096;20;10111110;10111110;189074
8;1;4096;20;00010000;00010000;195864
8;1;4096;20;01110110;01110110;184666
8;1;4096;20;11010011;11010011;194857
8;1;4096;20;11100001;11100001;189320
8;1;4096;20;10110010;10110010;285164
8;1;4096;20;01110000;01111001;198316
8;1;4096;20;00000011;00000011;194626
8;1;4096;20;01000011;01000011;236142
8;1;4096;20;00011100;00000000;193532
8;1;4096;20;11010111;11010111;184136
8;1;4096;20;11110001;11110001;197186
8;1;4096;20;00000101;00000101;356737
8;1;4096;20;01110011;11111111;530829
8;1;4096;20;01001110;01001110;192630
8;1;4096;20;10101111;10101111;195539
8;1;4096;20;01110001;01110001;190266
8;1;4096;20;01000001;01000001;186955
8;1;4096;20;00001011;00001011;186649
8;1;4096;20;00110111;00110111;422449
8;1;4096;20;00111011;00111011;189931
8;1;4096;20;10001110;10001110;182282
8;1;4096;20;10100001;10100001;187301
8;1;4096;20;00100000;00100000;184819
8;1;4096;20;00000001;00000001;189011
8;1;4096;20;01001110;01001110;184721
8;1;4096;20;11001101;11001101;187890
8;1;4096;20;10010100;10010100;557380
9;1;4096;20;001100111;001100111;204484
9;1;4096;20;001100111;001100111;201454
9;1;4096;20;111111010;111111010;203367
9;1;4096;20;100111010;100111010;190926
9;1;4096;20;111011101;111011101;199987
9;1;4096;20;100011011;100011011;236540
9;1;4096;20;110111101;110111101;200072
9;1;4096;20;111110101;111110101;204703
9;1;4096;20;001111000;111111111;290384
9;1;4096;20;000000011;000000011;197044
9;1;4096;20;001101111;000000000;202853
9;1;4096;20;010111111;010111111;210659
9;1;4096;20;011010000;011010000;200774
9;1;4096;20;110101010;000001010;312166
9;1;4096;20;000011011;000011011;213852
9;1;4096;20;011010101;011010101;205372
9;1;4096;20;101111100;101111100;203455
9;1;4096;20;110111001;110111001;209622
9;1;4096;20;001010110;001010110;199536
9;1;4096;20;000011001;000011001;194005
9;1;4096;20;011000111;011000111;199585
9;1;4096;20;100110000;100110000;196291
9;1;4096;20;011000010;011000010;315079
9;1;4096;20;000001110;000001110;274359
9;1;4096;20;101001001;101001001;193500
9;1;4096;20;011011101;011011101;193800
9;1;4096;20;010110101;010110101;189270
9;1;4096;20;000100101;000100101;190589
9;1;4096;20;101110011;101110011;200645
9;1;4096;20;101110111;101110111;188350
9;1;4096;20;110100101;110100101;228408
9;1;4096;20;001001000;111111111;231918
9;1;4096;20;000001010;000001010;197329
9;1;4096;20;111100111;111100111;191818
9;1;4096;20;001000110;001000110;192213
9;1;4096;20;110001000;110001000;204958
9;1;4096;20;011100100;011100100;196630
9;1;4096;20;110110111;110110111;183732
9;1;4096;20;001101000;001101000;205222
9;1;4096;20;000011100;000011100;326781
9;1;4096;20;110011010;110011010;194789
9;1;4096;20;001101101;000000000;197809
9;1;4096;20;001000110;000000110;507697
9;1;4096;20;101000100;101000100;202378
9;1;4096;20;011111001;011111001;203463
9;1;4096;20;110010010;111111111;192273
9;1;4096;20;101000101;101000101;190297
9;1;4096;20;111000110;111000110;192273
9;1;4096;20;111100111;111100111;189947
9;1;4096;20;111111100;111111100;191703
9;1;4096;20;000101010;000101010;212716
9;1;4096;20;010011001;010011001;273461
9;1;4096;20;110100010;111111111;188178
9;1;4096;20;010011110;010011110;331806
9;1;4096;20;000001000;000001000;195021
9;1;4096;20;101000110;101000110;195468
9;1;4096;20;000111111;000111111;194345
9;1;4096;20;111011010;111011010;196143
9;1;4096;20;101101001;101101001;203868
9;1;4096;20;111101111;111101111;195375
9;1;4096;20;000111001;000111001;213826
9;1;4096;20;000110010;000110010;201903
9;1;4096;20;011000010;011000010;190133
9;1;4096;20;000101011;000101011;203253
9;1;4096;20;010101000;000001000;313090
9;1;4096;20;101100001;101100001;195418
9;1;4096;20;100010111;100010111;201534
9;1;4096;20;110001111;110001111;190924
9;1;4096;20;010001010;010001010;194036
9;1;4096;20;100011101;100011101;187977
9;1;4096;20;001000000;001000000;204498
9;1;4096;20;010010100;010010100;367789
9;1;4096;20;110111110;110111110;314332
9;1;4096;20;000010000;000010000;200595
9;1;4096;20;101110110;101110110;197972
9;1;4096;20;111010011;111010011;296682
9;1;4096;20;011100001;011100001;208133
9;1;4096;20;010110010;010110010;196887
9;1;4096;20;001110000;001110000;194833
9;1;4096;20;000000011;000000011;380835
9;1;4096;20;101000011;111111111;190595
9;1;4096;20;000011100;000011100;206337
9;1;4096;20;011010111;011010111;189797
9;1;4096;20;111110001;111110001;189957
9;1;4096;20;000000101;000000101;195641
9;1;4096;20;101110011;101110011;199138
9;1;4096;20;101001110;111111111;295745
9;1;4096;20;010101111;111111111;204859
9;1;4096;20;101110001;101110001;198111
9;1;4096;20;001000001;000000000;196076
9;1;4096;20;000001011;000001011;201405
9;1;4096;20;100110111;100110111;197730
9;1;4096;20;000111011;000111011;193552
9;1;4096;20;010001110;010001110;190044
9;1;4096;20;010100001;010100001;288195
9;1;4096;20;100100000;100100000;193563
9;1;4096;20;000000001;000000001;202553
9;1;4096;20;001001110;001001110;197928
9;1;4096;20;111001101;111001101;260333
9;1;4096;20;010010100;010010100;198539
10;1;4096;20;1001100111;1111111111;360452
10;1;4096;20;1001100111;1001100111;211096
10;1;4096;20;1111111010;1111111010;277998
10;1;4096;20;0100111010;0100111010;208298
10;1;4096;20;1111011101;1111011101;207284
10;1;4096;20;0100011011;0100011011;205204
10;1;4096;20;0110111101;0110111101;203988
10;1;4096;20;1111110101;1111110101;198944
10;1;4096;20;0001111000;0001111000;200032
10;1;4096;20;1000000011;1000000011;195347
10;1;4096;20;0001101111;0001101111;201474
10;1;4096;20;1010111111;0000000000;197236
10;1;4096;20;1011010000;1011010000;373083
10;1;4096;20;0110101010;0110101010;369706
10;1;4096;20;0000011011;0000011011;214244
10;1;4096;20;1011010101;1011010101;275107
10;1;4096;20;0101111100;0101111100;211211
10;1;4096;20;0110111001;0110111001;213648
10;1;4096;20;1001010110;1001010110;203184
10;1;4096;20;0000011001;0000011001;200784
10;1;4096;20;1011000111;1011000111;197696
10;1;4096;20;1100110000;1100110000;195035
10;1;4096;20;1011000010;1011000010;201524
10;1;4096;20;1000001110;1000001110;202836
10;1;4096;20;1101001001;1101001001;398262
10;1;4096;20;0011011101;0011011101;207076
10;1;4096;20;1010110101;1010110101;198573
10;1;4096;20;1000100101;1000100101;209346
10;1;4096;20;0101110011;0101110011;202696
10;1;4096;20;1101110111;0000000111;449272
10;1;4096;20;1110100101;1110100101;332930
10;1;4096;20;1001001000;1001001000;207798
10;1;4096;20;1000001010;1000001010;205839
10;1;4096;20;0111100111;0111100111;201212
10;1;4096;20;0001000110;0001000110;207941
10;1;4096;20;1110001000;1110001000;213013
10;1;4096;20;0011100100;0011100100;208926
10;1;4096;20;0110110111;0110110111;199991
10;1;4096;20;0001101000;0001101000;336305
10;1;4096;20;0000011100;1111111111;207973
10;1;4096;20;0110011010;0110011010;201682
10;1;4096;20;1001101101;1001101101;251552
10;1;4096;20;0001000110;0001000110;202541
10;1;4096;20;1101000100;1101000100;203467
10;1;4096;20;0011111001;0011111001;252240
10;1;4096;20;1110010010;1110010010;210973
10;1;4096;20;0101000101;0101000101;210543
10;1;4096;20;1111000110;1111000110;202568
10;1;4096;20;1111100111;0000000111;263882
10;1;4096;20;0111111100;0111111100;214001
10;1;4096;20;1000101010;1000101010;204377
10;1;4096;20;0010011001;0010011001;203451
10;1;4096;20;0110100010;0110100010;208934
10;1;4096;20;0010011110;0010011110;207265
10;1;4096;20;1000001000;1000001000;202634
10;1;4096;20;0101000110;0101000110;201206
10;1;4096;20;1000111111;1000111111;201788
10;1;4096;20;0111011010;0111011010;282507
10;1;4096;20;1101101001;0000001001;505896
10;1;4096;20;1111101111;1111101111;197280
10;1;4096;20;0000111001;0000111001;424869
10;1;4096;20;0000110010;0000110010;220870
10;1;4096;20;1011000010;1011000010;204867
10;1;4096;20;1000101011;1000101011;196925
10;1;4096;20;0010101000;0010101000;203197
10;1;4096;20;0101100001;0101100001;201891
10;1;4096;20;0100010111;0000000000;203051
10;1;4096;20;1110001111;1110001111;202239
10;1;4096;20;1010001010;1010001010;204012
10;1;4096;20;0100011101;0100011101;200806
10;1;4096;20;1001000000;1111111111;340020
10;1;4096;20;0010010100;0010010100;202385
10;1;4096;20;0110111110;0110111110;198619
10;1;4096;20;0000010000;0000010000;209576
10;1;4096;20;1101110110;1101010110;210465
10;1;4096;20;1111010011;1111010011;373605
10;1;4096;20;0011100001;0011100001;210737
10;1;4096;20;1010110010;1010110010;209896
10;1;4096;20;0001110000;0001110000;197764
10;1;4096;20;1000000011;1000000011;200511
10;1;4096;20;0101000011;0101000011;202537
10;1;4096;20;1000011100;1000011100;199418
10;1;4096;20;0011010111;0011010111;203725
10;1;4096;20;1111110001;1111110001;202553
10;1;4096;20;0000000101;0000000101;335796
10;1;4096;20;0101110011;0101110011;204177
10;1;4096;20;0101001110;0101001110;204889
10;1;4096;20;0010101111;0010101111;215003
10;1;4096;20;1101110001;1101110001;206950
10;1;4096;20;1001000001;1001000001;202966
10;1;4096;20;0000001011;0000001011;208792
10;1;4096;20;0100110111;0100110111;197262
10;1;4096;20;1000111011;1000111011;202190
10;1;4096;20;0010001110;0010001110;204157
10;1;4096;20;0010100001;0010100001;202622
10;1;4096;20;0100100000;0100100000;376730
10;1;4096;20;1000000001;1111111111;198841
10;1;4096;20;0001001110;0001001110;203408
10;1;4096;20;1111001101;1111001101;198656
10;1;4096;20;0010010100;0010010100;199088
11;1;4096;20;11001100111;11001100111;216937
11;1;4096;20;11001100111;11001100111;216983
11;1;4096;20;11111111010;11111111010;210896
11;1;4096;20;00100111010;00100111010;208769
11;1;4096;20;01111011101;01111011101;202618
11;1;4096;20;10100011011;10100011011;215601
11;1;4096;20;00110111101;00110111101;206628
11;1;4096;20;01111110101;01111110101;213388
11;1;4096;20;00001111000;00001111000;213400
11;1;4096;20;01000000011;00000000011;294255
11;1;4096;20;00001101111;00001101111;206041
11;1;4096;20;11010111111;11010111111;206450
11;1;4096;20;01011010000;01011010000;211147
11;1;4096;20;10110101010;10110101010;203875
11;1;4096;20;10000011011;10000011011;278945
11;1;4096;20;11011010101;11011010101;212313
11;1;4096;20;10101111100;10101111100;212654
11;1;4096;20;10110111001;10110111001;207520
11;1;4096;20;11001010110;11001010110;208453
11;1;4096;20;00000011001;00000011001;200949
11;1;4096;20;01011000111;00011000111;293588
11;1;4096;20;11100110000;11100110000;252480
11;1;4096;20;01011000010;01011000010;211304
11;1;4096;20;11000001110;11000001110;209030
11;1;4096;20;01101001001;01101001001;207826
11;1;4096;20;10011011101;10011011101;207812
11;1;4096;20;11010110101;11010110101;220376
11;1;4096;20;01000100101;01000100101;218266
11;1;4096;20;00101110011;00101110011;220878
11;1;4096;20;11101110111;11101110111;226097
11;1;4096;20;01110100101;01110100101;235317
11;1;4096;20;11001001000;11001001000;223940
11;1;4096;20;01000001010;01000001010;220650
11;1;4096;20;10111100111;10111100111;245315
11;1;4096;20;00001000110;00001000110;211276
11;1;4096;20;11110001000;11110001000;219647
11;1;4096;20;00011100100;00011100100;225167
11;1;4096;20;00110110111;00110110111;210622
11;1;4096;20;10001101000;10001101000;208798
11;1;4096;20;00000011100;00000011100;210622
11;1;4096;20;00110011010;00110011010;210354
11;1;4096;20;01001101101;01001101101;210962
11;1;4096;20;10001000110;10001000110;210124
11;1;4096;20;11101000100;11101000100;371820
11;1;4096;20;10011111001;11011111111;206016
11;1;4096;20;01110010010;11111111111;523071
11;1;4096;20;10101000101;10101000101;207293
11;1;4096;20;01111000110;01111000110;288749
11;1;4096;20;11111100111;11111100111;299377
11;1;4096;20;10111111100;10111111100;321708
11;1;4096;20;11000101010;11000101010;210590
11;1;4096;20;10010011001;10010011001;207721
11;1;4096;20;10110100010;10110100010;202781
11;1;4096;20;00010011110;00010011110;201159
11;1;4096;20;01000001000;01000001000;205146
11;1;4096;20;10101000110;10101000110;208290
11;1;4096;20;11000111111;11000111111;208759
11;1;4096;20;10111011010;10111011010;209377
11;1;4096;20;01101101001;01101101001;207536
11;1;4096;20;11111101111;11111101111;337768
11;1;4096;20;00000111001;00000111001;216432
11;1;4096;20;00000110010;00000010010;393502
11;1;4096;20;01011000010;01011000010;214650
11;1;4096;20;01000101011;01000101011;214382
11;1;4096;20;10010101000;10010101000;313572
11;1;4096;20;10101100001;10101100001;208453
11;1;4096;20;10100010111;00100010111;228049
11;1;4096;20;01110001111;00110001111;324338
11;1;4096;20;01010001010;01010001010;246542
11;1;4096;20;00100011101;00100011101;218167
11;1;4096;20;11001000000;11001000000;213915
11;1;4096;20;10010010100;10010010100;217988
11;1;4096;20;10110111110;10110111110;214231
11;1;4096;20;10000010000;10000010000;209601
11;1;4096;20;11101110110;11101110110;212958
11;1;4096;20;11111010011;11111010011;211058
11;1;4096;20;00011100001;00011100001;211575
11;1;4096;20;01010110010;01010110010;209014
11;1;4096;20;10001110000;10001110000;206097
11;1;4096;20;01000000011;01000000011;217984
11;1;4096;20;00101000011;00101000011;262597
11;1;4096;20;11000011100;11000011100;213002
11;1;4096;20;10011010111;10011010111;213987
11;1;4096;20;01111110001;01111110001;206721
11;1;4096;20;10000000101;10000000101;211376
11;1;4096;20;10101110011;10101110011;204369
11;1;4096;20;00101001110;00101001110;207915
11;1;4096;20;00010101111;00010101111;215345
11;1;4096;20;11101110001;11101110001;208409
11;1;4096;20;11001000001;11001000001;211409
11;1;4096;20;10000001011;10000001011;340777
11;1;4096;20;00100110111;00100110111;206793
11;1;4096;20;01000111011;11111111111;220388
11;1;4096;20;00010001110;00010001110;214693
11;1;4096;20;10010100001;10010100001;203904
11;1;4096;20;10100100000;10100100000;203526
11;1;4096;20;01000000001;01000000001;202428
11;1;4096;20;10001001110;10001001110;225865
11;1;4096;20;11111001101;11111001101;207022
11;1;4096;20;10010010100;10010010100;204379
12;1;4096;20;011001100111;011001100111;214981
12;1;4096;20;011001100111;011001100111;212324
12;1;4096;20;111111111010;000000011010;254808
12;1;4096;20;000100111010;000100111010;212717
12;1;4096;20;001111011101;001111011101;213160
12;1;4096;20;110100011011;010100011011;208940
12;1;4096;20;100110111101;100110111101;216119
12;1;4096;20;001111110101;001111110101;206177
12;1;4096;20;100001111000;100001111000;210545
12;1;4096;20;001000000011;001000000011;212905
12;1;4096;20;100001101111;100001101111;207990
12;1;4096;20;011010111111;011010111111;221378
12;1;4096;20;001011010000;001011010000;225745
12;1;4096;20;110110101010;110110101010;434281
12;1;4096;20;010000011011;010000011011;217374
12;1;4096;20;011011010101;011011010101;209156
12;1;4096;20;110101111100;000000001100;265243
12;1;4096;20;110110111001;110110111001;211222
12;1;4096;20;111001010110;111001010110;221672
12;1;4096;20;100000011001;000000011001;228109
12;1;4096;20;001011000111;001011000111;213942
12;1;4096;20;111100110000;111100110000;222141
12;1;4096;20;001011000010;001011000010;308398
12;1;4096;20;111000001110;011000001110;249953
12;1;4096;20;101101001001;101101001001;220662
12;1;4096;20;110011011101;110011011101;223517
12;1;4096;20;111010110101;111010110101;210713
12;1;4096;20;101000100101;101000100101;210029
12;1;4096;20;100101110011;100101110011;213503
12;1;4096;20;111101110111;011101110111;214522
12;1;4096;20;101110100101;101110100101;224755
12;1;4096;20;111001001000;111111111110;291263
12;1;4096;20;101000001010;101000001010;216210
12;1;4096;20;010111100111;010111100111;222706
12;1;4096;20;100001000110;100001000110;208538
12;1;4096;20;111110001000;111110001000;211718
12;1;4096;20;100011100100;100011100100;205730
12;1;4096;20;100110110111;100110110111;213283
12;1;4096;20;010001101000;010001101000;211827
12;1;4096;20;100000011100;100000011100;305521
12;1;4096;20;100110011010;100110011010;210826
12;1;4096;20;001001101101;001001101101;225219
12;1;4096;20;010001000110;000000000110;298826
12;1;4096;20;111101000100;111101000100;217373
12;1;4096;20;110011111001;110011111001;221225
12;1;4096;20;101110010010;101110010010;385061
12;1;4096;20;110101000101;110101000101;211316
12;1;4096;20;001111000110;001111000110;214870
12;1;4096;20;011111100111;011111100111;227093
12;1;4096;20;010111111100;010111111100;213434
12;1;4096;20;111000101010;111000101010;210176
12;1;4096;20;010010011001;010010011001;211060
12;1;4096;20;010110100010;010110100010;209658
12;1;4096;20;000010011110;000010011110;362879
12;1;4096;20;101000001000;101000001000;207112
12;1;4096;20;110101000110;111111111111;205964
12;1;4096;20;011000111111;011000111111;211768
12;1;4096;20;110111011010;110111011010;213531
12;1;4096;20;001101101001;001101101001;213059
12;1;4096;20;011111101111;011111101111;211832
12;1;4096;20;000000111001;000000111001;222967
12;1;4096;20;100000110010;100000110010;217392
12;1;4096;20;001011000010;001011000010;217466
12;1;4096;20;001000101011;001000101011;219406
12;1;4096;20;110010101000;110010101000;218722
12;1;4096;20;010101100001;010101100001;207367
12;1;4096;20;010100010111;010100010111;226524
12;1;4096;20;101110001111;000010001111;219131
12;1;4096;20;001010001010;001010001010;225600
12;1;4096;20;100100011101;100100011101;213715
12;1;4096;20;111001000000;111001000000;211602
12;1;4096;20;010010010100;010010010100;213631
12;1;4096;20;110110111110;110110111110;311721
12;1;4096;20;110000010000;110000010000;216946
12;1;4096;20;011101110110;000000000110;272144
12;1;4096;20;111111010011;111111010011;229968
12;1;4096;20;100011100001;100011100001;230371
12;1;4096;20;101010110010;101010110010;221409
12;1;4096;20;010001110000;010001110000;212724
12;1;4096;20;101000000011;101000000011;225705
12;1;4096;20;000101000011;000101000011;244512
12;1;4096;20;111000011100;011000011100;227557
12;1;4096;20;010011010111;010011010111;216738
12;1;4096;20;101111110001;101111110001;223551
12;1;4096;20;010000000101;010000000101;229225
12;1;4096;20;010101110011;010101110011;218519
12;1;4096;20;100101001110;000000000000;222020
12;1;4096;20;100010101111;000010101111;220389
12;1;4096;20;011101110001;011101110001;217434
12;1;4096;20;011001000001;011001000001;211471
12;1;4096;20;010000001011;010000001011;288052
12;1;4096;20;000100110111;000100110111;215348
12;1;4096;20;101000111011;101000111011;221994
12;1;4096;20;000010001110;000010001110;212702
12;1;4096;20;110010100001;110010100001;211701
12;1;4096;20;110100100000;110100100000;208054
12;1;4096;20;101000000001;101000000001;206362
12;1;4096;20;010001001110;010001001110;207909
12;1;4096;20;111111001101;111111001101;206039
12;1;4096;20;010010010100;010010010100;208080
13;1;4096;20;0011001100111;0001001100111;306205
13;1;4096;20;0011001100111;0011001100111;267859
13;1;4096;20;1111111111010;0011111111010;224389
13;1;4096;20;1000100111010;1000100111010;221088
13;1;4096;20;1001111011101;0000000000101;288942
13;1;4096;20;1110100011011;0010100011011;267821
13;1;4096;20;1100110111101;0100110111101;224816
13;1;4096;20;0001111110101;0001111110101;218125
13;1;4096;20;1100001111000;1100001111000;215819
13;1;4096;20;1001000000011;1001000000011;223149
13;1;4096;20;1100001101111;0100001101111;213563
13;1;4096;20;1011010111111;0011010111111;219593
13;1;4096;20;1001011010000;1001011010000;305273
13;1;4096;20;1110110101010;0110110101010;227589
13;1;4096;20;0010000011011;0010000011011;224164
13;1;4096;20;0011011010101;0011011010101;225858
13;1;4096;20;1110101111100;0110101111100;219347
13;1;4096;20;0110110111001;0110110111001;405316
13;1;4096;20;1111001010110;0000000000110;260204
13;1;4096;20;1100000011001;1100000011001;237264
13;1;4096;20;1001011000111;0001011000111;212212
13;1;4096;20;0111100110000;0111100110000;219890
13;1;4096;20;1001011000010;1001011000010;281460
13;1;4096;20;1111000001110;0111000001110;222100
13;1;4096;20;0101101001001;0101101001001;219763
13;1;4096;20;0110011011101;0110011011101;221516
13;1;4096;20;0111010110101;0111010110101;228218
13;1;4096;20;1101000100101;0101000100101;224291
13;1;4096;20;0100101110011;0100101110011;212914
13;1;4096;20;0111101110111;0111101110111;224333
13;1;4096;20;1101110100101;0101110100101;224815
13;1;4096;20;0111001001000;1111111111111;221475
13;1;4096;20;0101000001010;0101000001010;227212
13;1;4096;20;1010111100111;0010111100111;386738
13;1;4096;20;0100001000110;0100001000110;226126
13;1;4096;20;0111110001000;0111110001000;343826
13;1;4096;20;0100011100100;1111111111111;225854
13;1;4096;20;0100110110111;0100110110111;211686
13;1;4096;20;0010001101000;0010001101000;221283
13;1;4096;20;1100000011100;1100000011100;213589
13;1;4096;20;0100110011010;0100110011010;217481
13;1;4096;20;1001001101101;1001001101101;228479
13;1;4096;20;0010001000110;0010001000110;234994
13;1;4096;20;1111101000100;1111111111111;262782
13;1;4096;20;1110011111001;0110011111001;225978
13;1;4096;20;0101110010010;0101110010010;232755
13;1;4096;20;0110101000101;0110101000101;220038
13;1;4096;20;0001111000110;0001111000110;232071
13;1;4096;20;0011111100111;0011111100111;227549
13;1;4096;20;0010111111100;0010111111100;224826
13;1;4096;20;1111000101010;0011000101010;217071
13;1;4096;20;1010010011001;0010010011001;227051
13;1;4096;20;1010110100010;1010110100010;304180
13;1;4096;20;1000010011110;1111111111111;214102
13;1;4096;20;1101000001000;1101000001000;218318
13;1;4096;20;0110101000110;0110101000110;217698
13;1;4096;20;0011000111111;0011000111111;211882
13;1;4096;20;0110111011010;0110111011010;213995
13;1;4096;20;0001101101001;0001101101001;212809
13;1;4096;20;1011111101111;0011111101111;561943
13;1;4096;20;0000000111001;0000000111001;239824
13;1;4096;20;0100000110010;0000000010010;267813
13;1;4096;20;0001011000010;0001011000010;232424
13;1;4096;20;0001000101011;0001000101011;226229
13;1;4096;20;1110010101000;1110010101000;222762
13;1;4096;20;0010101100001;0010101100001;220132
13;1;4096;20;1010100010111;0010100010111;234624
13;1;4096;20;1101110001111;0001110001111;222341
13;1;4096;20;0001010001010;0001010001010;227020
13;1;4096;20;1100100011101;0100100011101;217263
13;1;4096;20;0111001000000;0000000000000;323156
13;1;4096;20;1010010010100;1010010010100;227932
13;1;4096;20;0110110111110;0110110111110;224983
13;1;4096;20;1110000010000;1110000010000;222457
13;1;4096;20;0011101110110;0011101110110;220329
13;1;4096;20;1111111010011;0111111010011;2285606
13;1;4096;20;0100011100001;0100011100001;225027
13;1;4096;20;1101010110010;1101010110010;312467
13;1;4096;20;0010001110000;0000000000000;216638
13;1;4096;20;0101000000011;0101000000011;222853
13;1;4096;20;0000101000011;0000101000011;221509
13;1;4096;20;0111000011100;0111000011100;219619
13;1;4096;20;0010011010111;0010011010111;217587
13;1;4096;20;0101111110001;0101111110001;215909
13;1;4096;20;1010000000101;1010000000101;307569
13;1;4096;20;1010101110011;0010101110011;214943
13;1;4096;20;0100101001110;0000000001110;347767
13;1;4096;20;0100010101111;0000010101111;216519
13;1;4096;20;0011101110001;0011101110001;219490
13;1;4096;20;1011001000001;1011001000001;243984
13;1;4096;20;1010000001011;1010000001011;222675
13;1;4096;20;0000100110111;0000100110111;224271
13;1;4096;20;0101000111011;0101000111011;217075
13;1;4096;20;0000010001110;0000010001110;386038
13;1;4096;20;0110010100001;1111111111111;222161
13;1;4096;20;0110100100000;0110100100000;234787
13;1;4096;20;1101000000001;1101000000001;221172
13;1;4096;20;0010001001110;0010001001110;220259
13;1;4096;20;0111111001101;0111111001101;217630
13;1;4096;20;1010010010100;1010010010100;216373
14;1;4096;20;00011001100111;00011001100111;523843
14;1;4096;20;00011001100111;00011001100111;228639
14;1;4096;20;11111111111010;00011111111010;221467
14;1;4096;20;01000100111010;01000100111010;241702
14;1;4096;20;11001111011101;00000000000000;240663
14;1;4096;20;01110100011011;00000100011011;223331
14;1;4096;20;11100110111101;00100110111101;274430
14;1;4096;20;00001111110101;00001111110101;233732
14;1;4096;20;01100001111000;01100001111000;231559
14;1;4096;20;11001000000011;01001000000011;220022
14;1;4096;20;01100001101111;00100001101111;232551
14;1;4096;20;01011010111111;00011010111111;229219
14;1;4096;20;01001011010000;01001011010000;228033
14;1;4096;20;11110110101010;00110110101010;224923
14;1;4096;20;00010000011011;00010000011011;229177
14;1;4096;20;10011011010101;00011011010101;247489
14;1;4096;20;11110101111100;00110101111100;234521
14;1;4096;20;10110110111001;00110110111001;225693
14;1;4096;20;01111001010110;00111001010110;227805
14;1;4096;20;11100000011001;01100000011001;237350
14;1;4096;20;01001011000111;00000011000111;237308
14;1;4096;20;00111100110000;00111100110000;226877
14;1;4096;20;11001011000010;01001011000010;374045
14;1;4096;20;01111000001110;00011000001110;235010
14;1;4096;20;10101101001001;00000000000000;238910
14;1;4096;20;10110011011101;00000000000000;225364
14;1;4096;20;00111010110101;00111010110101;241618
14;1;4096;20;01101000100101;00101000100101;238232
14;1;4096;20;00100101110011;00100101110011;222360
14;1;4096;20;00111101110111;00111101110111;232380
14;1;4096;20;11101110100101;00101110100101;339635
14;1;4096;20;10111001001000;00111001001000;222003
14;1;4096;20;10101000001010;00101000001010;393275
14;1;4096;20;01010111100111;00000000000000;224702
14;1;4096;20;00100001000110;00100001000110;225003
14;1;4096;20;00111110001000;00111110001000;215972
14;1;4096;20;00100011100100;00100011100100;218118
14;1;4096;20;00100110110111;00100110110111;221721
14;1;4096;20;00010001101000;00010001101000;220337
14;1;4096;20;11100000011100;01100000011100;222655
14;1;4096;20;10100110011010;00100110011010;216085
14;1;4096;20;11001001101101;00000000000000;224927
14;1;4096;20;10010001000110;00010001000110;390956
14;1;4096;20;01111101000100;01111101000100;218637
14;1;4096;20;01110011111001;00110011111001;236023
14;1;4096;20;00101110010010;00101110010010;222474
14;1;4096;20;10110101000101;00110101000101;300234
14;1;4096;20;00001111000110;00001111000110;316473
14;1;4096;20;00011111100111;11111111101111;235011
14;1;4096;20;00010111111100;00010111111100;229675
14;1;4096;20;11111000101010;00011000101010;227826
14;1;4096;20;11010010011001;01010010011001;232380
14;1;4096;20;11010110100010;01010110100010;234843
14;1;4096;20;01000010011110;01000010011110;231222
14;1;4096;20;11101000001000;01101000001000;222004
14;1;4096;20;10110101000110;00110101000110;316767
14;1;4096;20;10011000111111;11111110111111;222218
14;1;4096;20;10110111011010;00110111011010;216240
14;1;4096;20;10001101101001;00001101101001;219224
14;1;4096;20;01011111101111;00011111101111;225185
14;1;4096;20;10000000111001;00000000000000;299120
14;1;4096;20;10100000110010;00100000110010;230270
14;1;4096;20;00001011000010;00001011000010;231071
14;1;4096;20;10001000101011;00000000000000;269447
14;1;4096;20;11110010101000;00110010101000;225977
14;1;4096;20;10010101100001;11111111111111;237814
14;1;4096;20;01010100010111;00000100010111;245619
14;1;4096;20;01101110001111;00000110001111;241710
14;1;4096;20;10001010001010;00001010001010;238717
14;1;4096;20;01100100011101;00100100011101;240620
14;1;4096;20;00111001000000;00111001000000;232884
14;1;4096;20;11010010010100;01010010010100;236332
14;1;4096;20;00110110111110;00110110111110;235981
14;1;4096;20;11110000010000;01110000010000;236676
14;1;4096;20;00011101110110;00011101110110;397578
14;1;4096;20;11111111010011;11111111111111;439067
14;1;4096;20;00100011100001;00100011100001;230316
14;1;4096;20;11101010110010;00101010110010;219615
14;1;4096;20;10010001110000;00010001110000;227548
14;1;4096;20;00101000000011;00000000000011;252062
14;1;4096;20;10000101000011;11101111111111;291782
14;1;4096;20;10111000011100;00111000011100;227301
14;1;4096;20;10010011010111;00010011010111;228350
14;1;4096;20;10101111110001;00101111110001;221489
14;1;4096;20;01010000000101;01010000000101;227076
14;1;4096;20;01010101110011;00000000000000;359008
14;1;4096;20;10100101001110;00000000000000;226252
14;1;4096;20;00100010101111;00100010101111;225167
14;1;4096;20;00011101110001;00011101110001;227234
14;1;4096;20;01011001000001;01011001000001;238005
14;1;4096;20;01010000001011;01010000001011;237184
14;1;4096;20;10000100110111;00000100110111;235759
14;1;4096;20;00101000111011;00101000111011;221555
14;1;4096;20;10000010001110;00000010001110;224902
14;1;4096;20;10110010100001;00110010100001;476730
14;1;4096;20;00110100100000;00110100100000;225160
14;1;4096;20;01101000000001;01101000000001;226389
14;1;4096;20;10010001001110;00010001001110;226536
14;1;4096;20;10111111001101;00000000000000;224182
14;1;4096;20;01010010010100;01010010010100;218977
15;1;4096;20;100011001100111;000011001100111;219436
15;1;4096;20;100011001100111;000011001100111;225588
15;1;4096;20;111111111111010;000011111111010;280320
15;1;4096;20;101000100111010;001000100111010;221644
15;1;4096;20;011001111011101;000001111011101;224277
15;1;4096;20;101110100011011;000010100011011;229659
15;1;4096;20;011100110111101;000100110111101;233443
15;1;4096;20;100001111110101;000001111110101;283114
15;1;4096;20;001100001111000;001100001111000;235796
15;1;4096;20;111001000000011;001001000000011;219924
15;1;4096;20;001100001101111;000100001101111;223351
15;1;4096;20;001011010111111;000011010111111;222193
15;1;4096;20;001001011010000;001001011010000;219400
15;1;4096;20;111110110101010;000110110101010;229338
15;1;4096;20;000010000011011;000010000011011;232531
15;1;4096;20;110011011010101;000011011010101;300989
15;1;4096;20;111110101111100;000110101111100;227567
15;1;4096;20;010110110111001;000110110111001;239858
15;1;4096;20;001111001010110;000111001010110;310106
15;1;4096;20;111100000011001;001100000011001;228553
15;1;4096;20;101001011000111;000001011000111;219854
15;1;4096;20;000111100110000;000111100110000;234466
15;1;4096;20;111001011000010;001001011000010;233631
15;1;4096;20;001111000001110;000011000001110;225715
15;1;4096;20;110101101001001;000101101001001;229338
15;1;4096;20;110110011011101;111111111111111;220161
15;1;4096;20;000111010110101;000111010110101;243683
15;1;4096;20;001101000100101;000101000100101;218360
15;1;4096;20;000100101110011;000100101110011;225151
15;1;4096;20;100111101110111;000111101110111;230369
15;1;4096;20;011101110100101;000101110100101;412965
15;1;4096;20;010111001001000;000111001001000;234161
15;1;4096;20;110101000001010;000101000001010;241373
15;1;4096;20;101010111100111;000010111100111;239007
15;1;4096;20;000100001000110;000100001000110;229686
15;1;4096;20;000111110001000;000111110001000;232023
15;1;4096;20;100100011100100;000100011100100;227595
15;1;4096;20;100100110110111;000100110110111;241744
15;1;4096;20;000010001101000;000010001101000;222338
15;1;4096;20;011100000011100;001100000011100;229312
15;1;4096;20;010100110011010;000100110011010;219708
15;1;4096;20;011001001101101;001001001101101;227464
15;1;4096;20;110010001000110;000010001000110;232543
15;1;4096;20;101111101000100;000111101000100;309467
15;1;4096;20;101110011111001;000110011111001;230690
15;1;4096;20;000101110010010;000101110010010;237149
15;1;4096;20;110110101000101;000010101000101;241609
15;1;4096;20;100001111000110;000001111000110;393497
15;1;4096;20;100011111100111;000011111100111;228334
15;1;4096;20;100010111111100;000010111111100;240513
15;1;4096;20;111111000101010;000011000101010;228333
15;1;4096;20;111010010011001;001010010011001;227762
15;1;4096;20;111010110100010;001010110100010;233990
15;1;4096;20;101000010011110;000000000000110;312927
15;1;4096;20;111101000001000;111111111111111;236177
15;1;4096;20;010110101000110;000110101000110;289953
15;1;4096;20;110011000111111;000011000111111;224785
15;1;4096;20;010110111011010;000110111011010;223680
15;1;4096;20;110001101101001;111111111111111;231400
15;1;4096;20;001011111101111;000011111101111;464423
15;1;4096;20;010000000111001;000000000111001;236634
15;1;4096;20;010100000110010;000100000110010;327348
15;1;4096;20;000001011000010;000001011000010;239206
15;1;4096;20;110001000101011;000001000101011;221644
15;1;4096;20;111110010101000;000000000000000;232323
15;1;4096;20;010010101100001;000010101100001;228987
15;1;4096;20;101010100010111;000000100010111;232523
15;1;4096;20;101101110001111;000000110001111;313626
15;1;4096;20;110001010001010;000001010001010;227581
15;1;4096;20;001100100011101;000100100011101;224249
15;1;4096;20;000111001000000;000111001000000;220813
15;1;4096;20;011010010010100;001010010010100;221560
15;1;4096;20;100110110111110;000110110111110;217154
15;1;4096;20;011110000010000;111111111111110;329098
15;1;4096;20;100011101110110;000011101110110;226886
15;1;4096;20;011111111010011;000111111010011;234627
15;1;4096;20;100100011100001;000100011100001;220119
15;1;4096;20;111101010110010;000000000000000;232777
15;1;4096;20;110010001110000;000010001110000;217422
15;1;4096;20;000101000000011;000101000000011;310522
15;1;4096;20;010000101000011;000000101000011;233094
15;1;4096;20;110111000011100;000011000011100;234315
15;1;4096;20;110010011010111;000010011010111;231944
15;1;4096;20;010101111110001;000101111110001;224989
15;1;4096;20;001010000000101;001010000000101;237923
15;1;4096;20;101010101110011;000010101110011;313751
15;1;4096;20;110100101001110;000000000000000;239628
15;1;4096;20;000100010101111;000100010101111;225992
15;1;4096;20;000011101110001;101111111111111;383342
15;1;4096;20;101011001000001;001011001000001;224348
15;1;4096;20;101010000001011;001010000001011;529546
15;1;4096;20;110000100110111;000000100110111;237456
15;1;4096;20;000101000111011;000101000111011;221049
15;1;4096;20;110000010001110;000000010001110;222397
15;1;4096;20;110110010100001;000110010100001;223242
15;1;4096;20;100110100100000;000110100100000;232489
15;1;4096;20;101101000000001;001101000000001;346121
15;1;4096;20;010010001001110;000010001001110;218366
15;1;4096;20;010111111001101;000111111001101;226601
15;1;4096;20;101010010010100;001010010010100;233351
16;1;4096;20;1100011001100111;0000011001100111;318813
16;1;4096;20;1100011001100111;0000011001100111;235563
16;1;4096;20;0111111111111010;0000000000011010;453886
16;1;4096;20;1101000100111010;0000000100111010;239927
16;1;4096;20;0011001111011101;0000001111011101;240437
16;1;4096;20;1101110100011011;0000010100011011;238224
16;1;4096;20;1011100110111101;0000100110111101;237690
16;1;4096;20;0100001111110101;0000001111110101;316327
16;1;4096;20;1001100001111000;0001100001111000;241675
16;1;4096;20;0111001000000011;0001001000000011;236177
16;1;4096;20;1001100001101111;0000100001101111;230821
16;1;4096;20;1001011010111111;0000011010111111;233487
16;1;4096;20;1001001011010000;0001001011010000;230068
16;1;4096;20;0111110110101010;0000110110101010;323806
16;1;4096;20;1000010000011011;0000010000011011;421191
16;1;4096;20;0110011011010101;1110111111111111;228372
16;1;4096;20;1111110101111100;0000110101111100;231860
16;1;4096;20;1010110110111001;0000110110111001;238767
16;1;4096;20;0001111001010110;0000111001010110;239878
16;1;4096;20;0111100000011001;0001100000011001;334473
16;1;4096;20;0101001011000111;0000001011000111;239178
16;1;4096;20;0000111100110000;0000111100110000;241442
16;1;4096;20;1111001011000010;0001001011000010;237282
16;1;4096;20;1001111000001110;0000011000001110;232697
16;1;4096;20;1110101101001001;0000101101001001;240955
16;1;4096;20;0110110011011101;0000110011011101;227565
16;1;4096;20;1000111010110101;0000111010110101;238301
16;1;4096;20;1001101000100101;0000101000100101;230877
16;1;4096;20;0000100101110011;0000100101110011;282041
16;1;4096;20;0100111101110111;1111111111110111;231767
16;1;4096;20;1011101110100101;0000101110100101;539554
16;1;4096;20;1010111001001000;0000111001001000;246480
16;1;4096;20;0110101000001010;0000101000001010;232106
16;1;4096;20;0101010111100111;0000010111100111;321449
16;1;4096;20;0000100001000110;0000100001000110;242714
16;1;4096;20;1000111110001000;0000000000000000;244760
16;1;4096;20;0100100011100100;0000100011100100;247048
16;1;4096;20;0100100110110111;0000100110110111;246983
16;1;4096;20;1000010001101000;0000010001101000;228338
16;1;4096;20;1011100000011100;0001100000011100;233312
16;1;4096;20;1010100110011010;0000100110011010;406202
16;1;4096;20;1011001001101101;0000001001101101;269145
16;1;4096;20;0110010001000110;0000010001000110;245575
16;1;4096;20;0101111101000100;0000111101000100;238837
16;1;4096;20;1101110011111001;0000110011111001;231819
16;1;4096;20;0000101110010010;0000101110010010;241554
16;1;4096;20;1110110101000101;0000110101000101;240943
16;1;4096;20;0100001111000110;0000001111000110;244728
16;1;4096;20;1100011111100111;0000011111100111;223865
16;1;4096;20;0100010111111100;0000010111111100;242471
16;1;4096;20;0111111000101010;0000011000101010;233368
16;1;4096;20;0111010010011001;0000010010011001;366260
16;1;4096;20;0111010110100010;0001010110100010;229927
16;1;4096;20;0101000010011110;0001000010011110;239953
16;1;4096;20;1111101000001000;0001101000001000;233229
16;1;4096;20;1010110101000110;0000110101000110;231329
16;1;4096;20;0110011000111111;0000001000111111;246224
16;1;4096;20;1010110111011010;0000110111011010;238729
16;1;4096;20;1110001101101001;0000001101101001;228253
16;1;4096;20;0001011111101111;1111111111111111;471563
16;1;4096;20;1010000000111001;0000000000111001;237188
16;1;4096;20;0010100000110010;0000100000110010;239670
16;1;4096;20;1000001011000010;0000001011000010;238339
16;1;4096;20;0110001000101011;0000001000101011;233879
16;1;4096;20;1111110010101000;0001110010101000;396769
16;1;4096;20;1010010101100001;0000010101100001;261651
16;1;4096;20;1101010100010111;0000000100010111;229030
16;1;4096;20;0101101110001111;0000001110001111;237760
16;1;4096;20;0110001010001010;0000001010001010;238344
16;1;4096;20;1001100100011101;0000100100011101;230490
16;1;4096;20;0000111001000000;0000000000000000;386118
16;1;4096;20;0011010010010100;0001010010010100;229562
16;1;4096;20;0100110110111110;0000110110111110;228719
16;1;4096;20;0011110000010000;0001110000010000;253036
16;1;4096;20;1100011101110110;0000011101110110;320876
16;1;4096;20;0011111111010011;0000111111010011;233605
16;1;4096;20;1100100011100001;0000100011100001;236917
16;1;4096;20;0111101010110010;0000101010110010;251790
16;1;4096;20;1110010001110000;0000010001110000;243866
16;1;4096;20;0000101000000011;0000101000000011;226304
16;1;4096;20;1010000101000011;0000000101000011;316493
16;1;4096;20;1110111000011100;0000111000011100;238946
16;1;4096;20;0110010011010111;0000010011010111;236576
16;1;4096;20;0010101111110001;0000101111110001;232161
16;1;4096;20;0001010000000101;0001010000000101;230975
16;1;4096;20;0101010101110011;0000010101110011;236370
16;1;4096;20;1110100101001110;0000100101001110;229667
16;1;4096;20;0000100010101111;0000100010101111;355216
16;1;4096;20;0000011101110001;0000011101110001;239007
16;1;4096;20;1101011001000001;0001011001000001;242523
16;1;4096;20;1101010000001011;0001010000001011;233673
16;1;4096;20;0110000100110111;0000000100110111;231142
16;1;4096;20;0000101000111011;0000001000111011;430923
16;1;4096;20;0110000010001110;0000000010001110;240847
16;1;4096;20;1110110010100001;0000110010100001;224576
16;1;4096;20;1100110100100000;0000110100100000;229250
16;1;4096;20;1101101000000001;0001101000000001;230404
16;1;4096;20;1010010001001110;0000010001001110;521300
16;1;4096;20;0010111111001101;0000111111001101;286033
16;1;4096;20;1101010010010100;0001010010010100;350322
17;1;4096;20;11100011001100111;00000011001100111;335935
17;1;4096;20;11100011001100111;00000011001100111;245902
17;1;4096;20;00111111111111010;00000011111111010;265897
17;1;4096;20;01101000100111010;00001000100111010;250354
17;1;4096;20;00011001111011101;00000001111011101;350931
17;1;4096;20;01101110100011011;00000010100011011;241373
17;1;4096;20;01011100110111101;00000100110111101;243659
17;1;4096;20;10100001111110101;00000001111110101;245971
17;1;4096;20;01001100001111000;00000100001111000;242634
17;1;4096;20;10111001000000011;00001001000000011;247592
17;1;4096;20;01001100001101111;00000100001101111;337145
17;1;4096;20;11001011010111111;11111111111111111;239263
17;1;4096;20;01001001011010000;00001001011010000;239394
17;1;4096;20;10111110110101010;00000110110101010;244584
17;1;4096;20;11000010000011011;00000010000011011;250279
17;1;4096;20;10110011011010101;00000000000010101;311541
17;1;4096;20;11111110101111100;00000110101111100;249595
17;1;4096;20;11010110110111001;00000110110111001;245858
17;1;4096;20;10001111001010110;00000000000000000;250606
17;1;4096;20;00111100000011001;00001100000011001;250412
17;1;4096;20;10101001011000111;00000000000000000;242898
17;1;4096;20;00000111100110000;00000111100110000;345483
17;1;4096;20;01111001011000010;11111111111111111;243418
17;1;4096;20;01001111000001110;00001111000001110;248122
17;1;4096;20;01110101101001001;00000101101001001;256587
17;1;4096;20;00110110011011101;00000110011011101;235596
17;1;4096;20;01000111010110101;00000111010110101;251897
17;1;4096;20;01001101000100101;00000000000000000;318742
17;1;4096;20;00000100101110011;00000100101110011;250589
17;1;4096;20;00100111101110111;00000111101110111;243703
17;1;4096;20;01011101110100101;00000101110100101;247106
17;1;4096;20;11010111001001000;00000111001001000;239047
17;1;4096;20;00110101000001010;00000000000001010;300825
17;1;4096;20;00101010111100111;00000010111100111;253710
17;1;4096;20;00000100001000110;00000100001000110;238157
17;1;4096;20;11000111110001000;00000111110001000;244772
17;1;4096;20;10100100011100100;00000100011100100;245764
17;1;4096;20;10100100110110111;00000100110110111;375219
17;1;4096;20;01000010001101000;00000010001101000;265142
17;1;4096;20;11011100000011100;00000000000000000;259282
17;1;4096;20;11010100110011010;00000100110011010;252212
17;1;4096;20;01011001001101101;00001001001101101;250914
17;1;4096;20;10110010001000110;00000000000000000;379794
17;1;4096;20;10101111101000100;00000000000000100;317294
17;1;4096;20;11101110011111001;00000110011111001;252073
17;1;4096;20;10000101110010010;00000101110010010;269318
17;1;4096;20;01110110101000101;00000110101000101;258814
17;1;4096;20;10100001111000110;00000001111000110;252607
17;1;4096;20;01100011111100111;00000011111100111;247359
17;1;4096;20;10100010111111100;00000010111111100;258205
17;1;4096;20;00111111000101010;00000011000101010;376072
17;1;4096;20;10111010010011001;00001010010011001;249595
17;1;4096;20;00111010110100010;00001010110100010;245718
17;1;4096;20;00101000010011110;00001000010011110;257263
17;1;4096;20;01111101000001000;00001101000001000;258322
17;1;4096;20;01010110101000110;00000110101000110;359246
17;1;4096;20;10110011000111111;00000011000111111;254420
17;1;4096;20;01010110111011010;00000000000011010;323413
17;1;4096;20;11110001101101001;00000001101101001;302011
17;1;4096;20;00001011111101111;00000011111101111;252760
17;1;4096;20;11010000000111001;00000000000111001;248573
17;1;4096;20;00010100000110010;11111111111111111;252428
17;1;4096;20;01000001011000010;00000001011000010;248794
17;1;4096;20;00110001000101011;00000001000101011;277974
17;1;4096;20;11111110010101000;00001110010101000;311752
17;1;4096;20;01010010101100001;11111111111111111;242588
17;1;4096;20;01101010100010111;00000000000000000;254816
17;1;4096;20;10101101110001111;00000000110001111;247326
17;1;4096;20;00110001010001010;00000001010001010;250174
17;1;4096;20;01001100100011101;00000100100011101;256518
17;1;4096;20;10000111001000000;11100111101001110;320796
17;1;4096;20;10011010010010100;11111111111111111;245343
17;1;4096;20;10100110110111110;00000000000000000;258364
17;1;4096;20;10011110000010000;00001110000010000;243530
17;1;4096;20;01100011101110110;00000000000000000;254850
17;1;4096;20;00011111111010011;00000111111010011;255954
17;1;4096;20;11100100011100001;00000100011100001;237845
17;1;4096;20;10111101010110010;00000101010110010;248042
17;1;4096;20;11110010001110000;00000010001110000;245268
17;1;4096;20;00000101000000011;00000101000000011;245474
17;1;4096;20;01010000101000011;00000000101000011;243629
17;1;4096;20;11110111000011100;00000111000011100;325625
17;1;4096;20;00110010011010111;00000010011010111;245791
17;1;4096;20;00010101111110001;00000101111110001;253713
17;1;4096;20;10001010000000101;00001010000000101;255310
17;1;4096;20;10101010101110011;00000010101110011;249912
17;1;4096;20;01110100101001110;00000000000001110;408622
17;1;4096;20;00000100010101111;00000000000000000;262019
17;1;4096;20;10000011101110001;00000011101110001;251054
17;1;4096;20;01101011001000001;00001011001000001;347502
17;1;4096;20;01101010000001011;00001010000001011;236543
17;1;4096;20;10110000100110111;00000000100110111;242278
17;1;4096;20;00000101000111011;00000101000111011;246438
17;1;4096;20;10110000010001110;00000000010001110;251378
17;1;4096;20;11110110010100001;00000110010100001;234577
17;1;4096;20;11100110100100000;00000110100100000;255411
17;1;4096;20;11101101000000001;00001101000000001;249533
17;1;4096;20;01010010001001110;00000010001001110;252279
17;1;4096;20;10010111111001101;00000111011001101;310419
17;1;4096;20;11101010010010100;00001010010010100;253261
18;1;4096;20;011100011001100111;000000011001100111;256184
18;1;4096;20;011100011001100111;000000011001100111;261267
18;1;4096;20;000111111111111010;000000011111111010;247255
18;1;4096;20;001101000100111010;000001000100111010;242489
18;1;4096;20;100011001111011101;000000001111011101;262558
18;1;4096;20;101101110100011011;000000110100011011;257939
18;1;4096;20;001011100110111101;000000100110111101;340044
18;1;4096;20;110100001111110101;000000001111110101;245341
18;1;4096;20;101001100001111000;000001100001111000;242660
18;1;4096;20;010111001000000011;000001001000000011;259847
18;1;4096;20;101001100001101111;000000100001101111;252141
18;1;4096;20;011001011010111111;000000011010111111;256710
18;1;4096;20;101001001011010000;000001001011010000;340759
18;1;4096;20;110111110110101010;000000110110101010;262062
18;1;4096;20;111000010000011011;000000010000011011;253339
18;1;4096;20;010110011011010101;000000011011010101;259476
18;1;4096;20;011111110101111100;000000110101111100;330023
18;1;4096;20;111010110110111001;000000110110111001;241490
18;1;4096;20;110001111001010110;000000111001010110;259570
18;1;4096;20;000111100000011001;000000000000011001;256856
18;1;4096;20;010101001011000111;000000000011000111;255528
18;1;4096;20;100000111100110000;000000111100110000;241383
18;1;4096;20;101111001011000010;000001001011000010;298560
18;1;4096;20;101001111000001110;000000011000001110;265422
18;1;4096;20;001110101101001001;000000101101001001;258100
18;1;4096;20;000110110011011101;000000110011011101;247398
18;1;4096;20;001000111010110101;000000111010110101;251802
18;1;4096;20;001001101000100101;000000001000100101;321707
18;1;4096;20;000000100101110011;000000100101110011;253948
18;1;4096;20;000100111101110111;000000011101110111;257562
18;1;4096;20;101011101110100101;000000101110100101;257830
18;1;4096;20;111010111001001000;000000000000001000;399284
18;1;4096;20;000110101000001010;000000101000001010;275898
18;1;4096;20;000101010111100111;000000010111100111;265191
18;1;4096;20;100000100001000110;000000100001000110;261376
18;1;4096;20;011000111110001000;000000111110001000;259502
18;1;4096;20;110100100011100100;000000100011100100;261319
18;1;4096;20;110100100110110111;000000100110110111;247554
18;1;4096;20;001000010001101000;000000010001101000;253584
18;1;4096;20;111011100000011100;000001100000011100;251538
18;1;4096;20;011010100110011010;000000100110011010;257728
18;1;4096;20;001011001001101101;000000001001101101;292682
18;1;4096;20;010110010001000110;000000010001000110;254747
18;1;4096;20;010101111101000100;000001111101000100;261477
18;1;4096;20;011101110011111001;000000110011111001;264805
18;1;4096;20;110000101110010010;000000101110010010;250344
18;1;4096;20;001110110101000101;000000110101000101;258348
18;1;4096;20;110100001111000110;000000001111000110;241384
18;1;4096;20;101100011111100111;000000011111100111;288623
18;1;4096;20;110100010111111100;000000010111111100;258655
18;1;4096;20;100111111000101010;000000011000101010;259080
18;1;4096;20;110111010010011001;000001010010011001;254861
18;1;4096;20;000111010110100010;000001010110100010;258242
18;1;4096;20;100101000010011110;000001000010011110;257670
18;1;4096;20;001111101000001000;000001101000001000;250791
18;1;4096;20;101010110101000110;000000110101000110;251254
18;1;4096;20;010110011000111111;000000011000111111;252312
18;1;4096;20;001010110111011010;000000110111011010;406434
18;1;4096;20;011110001101101001;000000001101101001;259153
18;1;4096;20;000001011111101111;000000011111101111;258031
18;1;4096;20;011010000000111001;000000000000111001;267161
18;1;4096;20;100010100000110010;000000100000110010;252377
18;1;4096;20;101000001011000010;000000001011000010;247548
18;1;4096;20;000110001000101011;000000000000101011;381670
18;1;4096;20;011111110010101000;000000110010101000;246065
18;1;4096;20;001010010101100001;000000010101100001;261080
18;1;4096;20;001101010100010111;000000000100010111;250410
18;1;4096;20;110101101110001111;000000001110001111;253741
18;1;4096;20;000110001010001010;000000001010001010;251582
18;1;4096;20;101001100100011101;000001100100011101;246035
18;1;4096;20;010000111001000000;000000111001000000;250947
18;1;4096;20;110011010010010100;000000000000000000;259540
18;1;4096;20;010100110110111110;000000110110111110;246612
18;1;4096;20;110011110000010000;000001110000010000;256030
18;1;4096;20;101100011101110110;000000011101110110;243050
18;1;4096;20;100011111111010011;000000111111010011;337488
18;1;4096;20;111100100011100001;110000100011110001;258711
18;1;4096;20;010111101010110010;000001101010110010;252972
18;1;4096;20;011110010001110000;000000010001110000;249783
18;1;4096;20;000000101000000011;000000101000000011;250776
18;1;4096;20;001010000101000011;000000000101000011;256597
18;1;4096;20;011110111000011100;000000111000011100;406418
18;1;4096;20;100110010011010111;000000010011010111;252732
18;1;4096;20;000010101111110001;000000101111110001;253192
18;1;4096;20;110001010000000101;000001010000000101;259002
18;1;4096;20;010101010101110011;000000010101110011;255902
18;1;4096;20;101110100101001110;000000100101001110;239783
18;1;4096;20;000000100010101111;000000000010101111;259244
18;1;4096;20;010000011101110001;000000011101110001;248615
18;1;4096;20;101101011001000001;000001011001000001;309504
18;1;4096;20;101101010000001011;000001010000001011;244610
18;1;4096;20;010110000100110111;000000000100110111;245684
18;1;4096;20;000000101000111011;000000101000111011;249835
18;1;4096;20;010110000010001110;000000000010001110;248022
18;1;4096;20;111110110010100001;000000110010100001;247223
18;1;4096;20;111100110100100000;000000110100100000;352614
18;1;4096;20;111101101000000001;000001101000000001;243748
18;1;4096;20;001010010001001110;000000010001001110;254102
18;1;4096;20;110010111111001101;000000111111001101;260664
18;1;4096;20;011101010010010100;000001010010010100;337859
19;1;4096;20;0011100011001100111;0000000011001100111;252684
19;1;4096;20;0011100011001100111;0000000011001100111;274569
19;1;4096;20;1000111111111111010;0000000011111111010;275838
19;1;4096;20;0001101000100111010;0000001000100111010;422545
19;1;4096;20;0100011001111011101;0000000001111011101;253043
19;1;4096;20;0101101110100011011;0000000010100011011;270604
19;1;4096;20;0001011100110111101;0000000100110111101;257041
19;1;4096;20;0110100001111110101;0000000001111110101;247187
19;1;4096;20;0101001100001111000;0000001100001111000;322409
19;1;4096;20;1010111001000000011;0000001001000000011;258766
19;1;4096;20;1101001100001101111;0000000100001101111;265380
19;1;4096;20;1011001011010111111;0000000011010111111;248556
19;1;4096;20;0101001001011010000;0000001001011010000;274199
19;1;4096;20;1110111110110101010;0000000110110101010;262459
19;1;4096;20;1111000010000011011;0000000010000011011;262064
19;1;4096;20;1010110011011010101;0000000011011010101;240566
19;1;4096;20;0011111110101111100;0000000110101111100;243206
19;1;4096;20;1111010110110111001;0000000110110111001;265917
19;1;4096;20;1110001111001010110;0000000111001010110;242267
19;1;4096;20;0000111100000011001;0000000000000011001;242205
19;1;4096;20;0010101001011000111;0000000001011000111;440466
19;1;4096;20;0100000111100110000;0000000111100110000;251681
19;1;4096;20;0101111001011000010;0000001001011000010;259071
19;1;4096;20;1101001111000001110;0000000011000001110;254934
19;1;4096;20;0001110101101001001;0000000101101001001;258679
19;1;4096;20;1000110110011011101;0000000000000011101;309507
19;1;4096;20;0001000111010110101;0000000111010110101;271939
19;1;4096;20;1001001101000100101;0000000101000100101;254061
19;1;4096;20;0000000100101110011;0000000100101110011;256706
19;1;4096;20;1000100111101110111;0000000111101110111;246329
19;1;4096;20;1101011101110100101;0000000001110100101;342607
19;1;4096;20;0111010111001001000;0000000111001001000;276506
19;1;4096;20;0000110101000001010;0000000101000001010;255213
19;1;4096;20;0000101010111100111;0000000010111100111;260642
19;1;4096;20;1100000100001000110;0000000100001000110;243625
19;1;4096;20;0011000111110001000;0000000111110001000;252197
19;1;4096;20;0110100100011100100;0000000100011100100;250622
19;1;4096;20;1110100100110110111;0000000100110110111;412211
19;1;4096;20;1001000010001101000;0000000010001101000;242430
19;1;4096;20;0111011100000011100;0000000000000001100;309126
19;1;4096;20;1011010100110011010;0000000100110011010;303906
19;1;4096;20;1001011001001101101;0000000001001101101;262147
19;1;4096;20;0010110010001000110;0000000010001000110;252536
19;1;4096;20;0010101111101000100;0000000111101000100;244847
19;1;4096;20;0011101110011111001;0000000110011111001;267601
19;1;4096;20;0110000101110010010;0000000101110010010;254697
19;1;4096;20;0001110110101000101;0000000110101000101;383274
19;1;4096;20;0110100001111000110;0000000001111000110;266227
19;1;4096;20;0101100011111100111;0000000011111100111;259559
19;1;4096;20;0110100010111111100;0000000010111111100;246936
19;1;4096;20;1100111111000101010;0000000011000101010;338996
19;1;4096;20;1110111010010011001;0000001010010011001;256438
19;1;4096;20;0000111010110100010;1111011111111111111;410180
19;1;4096;20;1100101000010011110;1111111111111111111;253485
19;1;4096;20;0001111101000001000;0000001101000001000;258465
19;1;4096;20;0101010110101000110;0000000110101000110;248641
19;1;4096;20;1010110011000111111;0000000011000111111;254176
19;1;4096;20;0001010110111011010;0000000110111011010;268517
19;1;4096;20;0011110001101101001;0000000001101101001;248550
19;1;4096;20;1000001011111101111;0000000011111101111;239142
19;1;4096;20;1011010000000111001;0000000000000111001;249908
19;1;4096;20;0100010100000110010;0000000100000110010;250560
19;1;4096;20;1101000001011000010;0000000001011000010;438028
19;1;4096;20;0000110001000101011;0000000001000101011;272223
19;1;4096;20;1011111110010101000;0000000110010101000;263462
19;1;4096;20;0001010010101100001;0000000010101100001;261818
19;1;4096;20;0001101010100010111;0000000010100010111;254507
19;1;4096;20;1110101101110001111;0000000000000001111;444021
19;1;4096;20;0000110001010001010;0000000001010001010;267961
19;1;4096;20;1101001100100011101;0000000100100011101;266282
19;1;4096;20;0010000111001000000;0000000111001000000;258534
19;1;4096;20;0110011010010010100;0000000010010010100;251369
19;1;4096;20;0010100110110111110;0000000110110111110;250342
19;1;4096;20;0110011110000010000;0000001110000010000;248411
19;1;4096;20;0101100011101110110;0000000011101110110;260926
19;1;4096;20;0100011111111010011;0000000111111010011;267724
19;1;4096;20;1111100100011100001;0000000100011100001;248885
19;1;4096;20;1010111101010110010;0000000101010110010;253579
19;1;4096;20;1011110010001110000;0000000010001110000;316118
19;1;4096;20;0000000101000000011;0000000101000000011;257285
19;1;4096;20;0001010000101000011;0000000000101000011;307438
19;1;4096;20;0011110111000011100;0000000111000011100;277870
19;1;4096;20;0100110010011010111;0000000010011010111;249522
19;1;4096;20;1000010101111110001;0000000101111110001;253549
19;1;4096;20;0110001010000000101;0000001010000000101;271097
19;1;4096;20;0010101010101110011;0000000010101110011;250636
19;1;4096;20;0101110100101001110;0000000000101001110;405207
19;1;4096;20;1000000100010101111;0000000100010101111;249662
19;1;4096;20;1010000011101110001;0000000011101110001;259784
19;1;4096;20;0101101011001000001;0000001011001000001;242806
19;1;4096;20;1101101010000001011;0000001010000001011;269747
19;1;4096;20;1010110000100110111;0000000000100110111;360947
19;1;4096;20;0000000101000111011;0000000101000111011;264103
19;1;4096;20;0010110000010001110;0000000000010001110;251225
19;1;4096;20;1111110110010100001;0000000110010100001;572966
19;1;4096;20;0111100110100100000;0000000110100100000;268961
19;1;4096;20;0111101101000000001;0000001101000000001;350718
19;1;4096;20;1001010010001001110;0000000010001001110;268027
19;1;4096;20;0110010111111001101;0000000111111001101;249935
19;1;4096;20;1011101010010010100;0000001010010010100;250756
20;1;4096;20;10011100011001100111;00000000011001100111;245191
20;1;4096;20;10011100011001100111;00000000011001100111;261493
20;1;4096;20;01000111111111111010;00000000111111111010;442892
20;1;4096;20;10001101000100111010;00000001000100111010;257820
20;1;4096;20;00100011001111011101;00000000001111011101;266431
20;1;4096;20;10101101110100011011;00000000010100011011;259395
20;1;4096;20;10001011100110111101;00000000100110111101;258025
20;1;4096;20;10110100001111110101;00000000001111110101;433305
20;1;4096;20;00101001100001111000;11111111111111111111;429436
20;1;4096;20;01010111001000000011;00000001001000000011;273282
20;1;4096;20;01101001100001101111;00000000100001101111;255378
20;1;4096;20;01011001011010111111;00000000000000011111;467033
20;1;4096;20;00101001001011010000;00000001001011010000;259730
20;1;4096;20;11110111110110101010;00000000110110101010;250313
20;1;4096;20;01111000010000011011;00000000010000011011;253602
20;1;4096;20;11010110011011010101;00000000011011010101;248193
20;1;4096;20;10011111110101111100;00000000110101111100;336958
20;1;4096;20;11111010110110111001;00000000110110111001;499836
20;1;4096;20;11110001111001010110;00000000111001010110;270895
20;1;4096;20;10000111100000011001;00000001100000011001;265090
20;1;4096;20;00010101001011000111;00000000001011000111;273979
20;1;4096;20;10100000111100110000;00000000111100110000;275928
20;1;4096;20;00101111001011000010;00000000000000000000;401133
20;1;4096;20;11101001111000001110;11111111111111111111;259435
20;1;4096;20;00001110101101001001;00000000101101001001;263958
20;1;4096;20;11000110110011011101;00000000110011011101;259005
20;1;4096;20;10001000111010110101;00000000111010110101;252474
20;1;4096;20;11001001101000100101;00000000101000100101;394173
20;1;4096;20;10000000100101110011;00000000100101110011;285028
20;1;4096;20;01000100111101110111;00000000011101110111;266034
20;1;4096;20;11101011101110100101;00000000101110100101;250917
20;1;4096;20;10111010111001001000;00000000111001001000;248536
20;1;4096;20;10000110101000001010;11111111111111111111;262707
20;1;4096;20;00000101010111100111;00000000010111100111;258933
20;1;4096;20;01100000100001000110;00000000100001000110;384331
20;1;4096;20;10011000111110001000;00000000111110001000;269376
20;1;4096;20;00110100100011100100;00000000100011100100;266797
20;1;4096;20;01110100100110110111;00000000000000000000;269168
20;1;4096;20;11001000010001101000;00000000000000000000;270930
20;1;4096;20;00111011100000011100;00000001100000011100;255798
20;1;4096;20;01011010100110011010;00000000100110011010;258909
20;1;4096;20;11001011001001101101;00000001001001101101;249957
20;1;4096;20;00010110010001000110;00000000010001000110;452743
20;1;4096;20;10010101111101000100;00000001111101000100;275991
20;1;4096;20;10011101110011111001;00000000000000000000;276050
20;1;4096;20;10110000101110010010;00000000101110010010;259496
20;1;4096;20;10001110110101000101;00000000110101000101;252897
20;1;4096;20;10110100001111000110;00000000001111000110;299184
20;1;4096;20;10101100011111100111;00000000011111100111;268305
20;1;4096;20;10110100010111111100;00000000010111111100;273098
20;1;4096;20;01100111111000101010;00000001111000101010;251397
20;1;4096;20;11110111010010011001;00000001010010011001;253999
20;1;4096;20;10000111010110100010;00000001010110100000;2344559
20;1;4096;20;11100101000010011110;00000001000010011110;261534
20;1;4096;20;00001111101000001000;00000000000000001000;379572
20;1;4096;20;10101010110101000110;00000000110101000110;260339
20;1;4096;20;01010110011000111111;00000000011000111111;262064
20;1;4096;20;10001010110111011010;00000000110111011010;264428
20;1;4096;20;10011110001101101001;00000000001101101001;259437
20;1;4096;20;11000001011111101111;00000000011111101111;382520
20;1;4096;20;01011010000000111001;00000000000000111001;261285
20;1;4096;20;10100010100000110010;00000000100000110010;255292
20;1;4096;20;01101000001011000010;00000000001011000010;265692
20;1;4096;20;00000110001000101011;00000000000000000000;262812
20;1;4096;20;11011111110010101000;00000001110010101000;260285
20;1;4096;20;10001010010101100001;00000000010101100001;252623
20;1;4096;20;00001101010100010111;00000000000100010111;387770
20;1;4096;20;11110101101110001111;00000000000000000000;353681
20;1;4096;20;10000110001010001010;00000000001010001010;264586
20;1;4096;20;11101001100100011101;00000000100100011101;254461
20;1;4096;20;10010000111001000000;00000000111001000000;255472
20;1;4096;20;00110011010010010100;00000001010010010100;259408
20;1;4096;20;10010100110110111110;00000000110110111110;244688
20;1;4096;20;10110011110000010000;00000001110000010000;487034
20;1;4096;20;00101100011101110110;00000000011101110110;263296
20;1;4096;20;10100011111111010011;00000000000000000000;274869
20;1;4096;20;01111100100011100001;00000000100011100001;267843
20;1;4096;20;01010111101010110010;00000001101010110010;250929
20;1;4096;20;11011110010001110000;00000000010001110000;257164
20;1;4096;20;10000000101000000011;00000000101000000011;373938
20;1;4096;20;00001010000101000011;00000000000101000011;512331
20;1;4096;20;10011110111000011100;00000000111000011100;267613
20;1;4096;20;10100110010011010111;00000000010011010111;257217
20;1;4096;20;11000010101111110001;00000000000000000000;338214
20;1;4096;20;10110001010000000101;00000001010000000101;266976
20;1;4096;20;10010101010101110011;00000000010101110011;270036
20;1;4096;20;10101110100101001110;00000000100101001110;254467
20;1;4096;20;11000000100010101111;00000000000010101111;267083
20;1;4096;20;01010000011101110001;00000000011101110001;263117
20;1;4096;20;10101101011001000001;00000001011001000001;511883
20;1;4096;20;01101101010000001011;00000000000000000000;256047
20;1;4096;20;11010110000100110111;00000000000000000000;262039
20;1;4096;20;00000000101000111011;00000000101000111011;251941
20;1;4096;20;10010110000010001110;00000000000010001110;260571
20;1;4096;20;11111110110010100001;00000000110010100001;269370
20;1;4096;20;10111100110100100000;00000000110100100000;264380
20;1;4096;20;00111101101000000001;00000001101000000001;254580
20;1;4096;20;01001010010001001110;00000000010001001110;264999
20;1;4096;20;10110010111111001101;00000000111111001101;262195
20;1;4096;20;01011101010010010100;00000001010010010100;258792
21;1;4096;20;010011100011001100111;000000000011001100111;275824
21;1;4096;20;010011100011001100111;000000000011001100111;260043
21;1;4096;20;001000111111111111010;000000000111111111010;264015
21;1;4096;20;110001101000100111010;000000001000100111010;270702
21;1;4096;20;000100011001111011101;000000000000000000000;355716
21;1;4096;20;010101101110100011011;000000000010100011011;271571
21;1;4096;20;110001011100110111101;000000000100110111101;256627
21;1;4096;20;110110100001111110101;000000000001111110101;276769
21;1;4096;20;000101001100001111000;000000001100001111000;262992
21;1;4096;20;001010111001000000011;000000001001000000011;257206
21;1;4096;20;001101001100001101111;000000000100001101111;373484
21;1;4096;20;101011001011010111111;111111111111111111111;266877
21;1;4096;20;100101001001011010000;000000001001011010000;261130
21;1;4096;20;111110111110110101010;000000000110110101010;264503
21;1;4096;20;101111000010000011011;000000000010000011011;259988
21;1;4096;20;111010110011011010101;000000000000000010101;303823
21;1;4096;20;010011111110101111100;000000000000000011100;413135
21;1;4096;20;111111010110110111001;000000000110110111001;264198
21;1;4096;20;011110001111001010110;000000000111001010110;264747
21;1;4096;20;110000111100000011001;000000001100000011001;261001
21;1;4096;20;000010101001011000111;000000001001011000111;263849
21;1;4096;20;110100000111100110000;000000000111100110000;273609
21;1;4096;20;100101111001011000010;000000001001011000010;264071
21;1;4096;20;111101001111000001110;000000000011000001110;276727
21;1;4096;20;100001110101101001001;000000000101101001001;269653
21;1;4096;20;011000110110011011101;000000000110011011101;265855
21;1;4096;20;110001000111010110101;000000000111010110101;268993
21;1;4096;20;111001001101000100101;000000001101000100101;391952
21;1;4096;20;010000000100101110011;000000000100101110011;267946
21;1;4096;20;001000100111101110111;000000000111101110111;261536
21;1;4096;20;111101011101110100101;000000000101110100101;259811
21;1;4096;20;010111010111001001000;000000000000000000000;259093
21;1;4096;20;110000110101000001010;000000000101000001010;255163
21;1;4096;20;100000101010111100111;000000000010111100111;395557
21;1;4096;20;101100000100001000110;000000000100001000110;275049
21;1;4096;20;110011000111110001000;000000000111110001000;268303
21;1;4096;20;100110100100011100100;000000000100011100100;309316
21;1;4096;20;001110100100110110111;000000000100110110111;259427
21;1;4096;20;111001000010001101000;000000000010001101000;361477
21;1;4096;20;000111011100000011100;000000001100000011100;275077
21;1;4096;20;001011010100110011010;000000000100110011010;274083
21;1;4096;20;011001011001001101101;000000000001001101101;333975
21;1;4096;20;100010110010001000110;000000000010001000110;279529
21;1;4096;20;010010101111101000100;000000000000000000100;299944
21;1;4096;20;110011101110011111001;000000000110011111001;269328
21;1;4096;20;110110000101110010010;000000000101110010010;269749
21;1;4096;20;110001110110101000101;000000000110101000101;262499
21;1;4096;20;110110100001111000110;000000000001111000110;270240
21;1;4096;20;010101100011111100111;000000000011111100111;537698
21;1;4096;20;110110100010111111100;000000000010111111100;273348
21;1;4096;20;001100111111000101010;000000000011000101010;271811
21;1;4096;20;011110111010010011001;000000000000000001001;451376
21;1;4096;20;010000111010110100010;000000001010110100010;269368
21;1;4096;20;011100101000010011110;000000001000010011110;269177
21;1;4096;20;000001111101000001000;000000001101000001000;268938
21;1;4096;20;110101010110101000110;000000000110101000110;271930
21;1;4096;20;001010110011000111111;000000000011000111111;433876
21;1;4096;20;010001010110111011010;111111111111111111111;264914
21;1;4096;20;110011110001101101001;000000000001101101001;264422
21;1;4096;20;011000001011111101111;000000000011111101111;277518
21;1;4096;20;001011010000000111001;000000000000000111001;365701
21;1;4096;20;110100010100000110010;000000000100000110010;280025
21;1;4096;20;001101000001011000010;000000000001011000010;278377
21;1;4096;20;000000110001000101011;000000000001000101011;459011
21;1;4096;20;011011111110010101000;000000001110010101000;265584
21;1;4096;20;110001010010101100001;000000000010101100001;315103
21;1;4096;20;100001101010100010111;000000000000100010111;269944
21;1;4096;20;011110101101110001111;000000000000110001111;268802
21;1;4096;20;110000110001010001010;000000000001010001010;258358
21;1;4096;20;111101001100100011101;000000000100100011101;263496
21;1;4096;20;010010000111001000000;000000000111001000000;265328
21;1;4096;20;000110011010010010100;000000001010010010100;270437
21;1;4096;20;010010100110110111110;000000000010110111110;273405
21;1;4096;20;110110011110000010000;000000001110000010000;267428
21;1;4096;20;000101100011101110110;000000000011101110110;258634
21;1;4096;20;110100011111111010011;000000000000000010011;523044
21;1;4096;20;101111100100011100001;000000000100011100001;281905
21;1;4096;20;001010111101010110010;000000001101010110010;275237
21;1;4096;20;011011110010001110000;000000000010001110000;332540
21;1;4096;20;110000000101000000011;000000000101000000011;268073
21;1;4096;20;100001010000101000011;000000000000101000011;270293
21;1;4096;20;110011110111000011100;000000000111000011100;271545
21;1;4096;20;110100110010011010111;000000000010011010111;287114
21;1;4096;20;111000010101111110001;000000000101111110001;445411
21;1;4096;20;010110001010000000101;000000001010000000101;274942
21;1;4096;20;010010101010101110011;000000000010101110011;295102
21;1;4096;20;010101110100101001110;000000000100101001110;273441
21;1;4096;20;111000000100010101111;000000000000010101111;277528
21;1;4096;20;001010000011101110001;000000000011101110001;272489
21;1;4096;20;110101101011001000001;000000001011001000001;404931
21;1;4096;20;101101101010000001011;000000001010000001011;276918
21;1;4096;20;011010110000100110111;000000000000100110111;268384
21;1;4096;20;000000000101000111011;000000000101000111011;270721
21;1;4096;20;110010110000010001110;000000000000010001110;418544
21;1;4096;20;011111110110010100001;111111111111111111011;271063
21;1;4096;20;110111100110100100000;000000000110100100000;272046
21;1;4096;20;000111101101000000001;000000001101000000001;264757
21;1;4096;20;001001010010001001110;000000000010001001110;270441
21;1;4096;20;110110010111111001101;000000000111111001101;269822
21;1;4096;20;101011101010010010100;000000000010010010100;326354
22;1;4096;20;1010011100011001100111;0000000000000000000000;292682
22;1;4096;20;1010011100011001100111;0000000000011001100111;269485
22;1;4096;20;0001000111111111111010;0000000000111111111010;268251
22;1;4096;20;0110001101000100111010;0000000001000100111010;270186
22;1;4096;20;0000100011001111011101;0000000000001111011101;317145
22;1;4096;20;1010101101110100011011;0000000000010100011011;283564
22;1;4096;20;0110001011100110111101;0000000000100110111101;266526
22;1;4096;20;1110110100001111110101;0000000000001111110101;276346
22;1;4096;20;1000101001100001111000;0000000001100001111000;285242
22;1;4096;20;1001010111001000000011;0000000001001000000011;293212
22;1;4096;20;1001101001100001101111;0000000000100001101111;290336
22;1;4096;20;1101011001011010111111;0000000000011010111111;287562
22;1;4096;20;1100101001001011010000;0000000001001011010000;285875
22;1;4096;20;1111110111110110101010;0000000000110110101010;280921
22;1;4096;20;0101111000010000011011;0000000000000000000000;292598
22;1;4096;20;1111010110011011010101;0000000000000000000000;311264
22;1;4096;20;0010011111110101111100;0000000000110101111100;306999
22;1;4096;20;1111111010110110111001;0000000000110110111001;274506
22;1;4096;20;0011110001111001010110;0000000000111001010110;285666
22;1;4096;20;1110000111100000011001;0000000000000000000000;270948
22;1;4096;20;1000010101001011000111;0000000000000011000111;270744
22;1;4096;20;1110100000111100110000;0000000000111100110000;366952
22;1;4096;20;1100101111001011000010;0000000001001011000010;285857
22;1;4096;20;0111101001111000001110;0000000000011000001110;273263
22;1;4096;20;1100001110101101001001;0000000000000000000000;277109
22;1;4096;20;0011000110110011011101;0000000000110011011101;420603
22;1;4096;20;0110001000111010110101;0000000000111010110101;279285
22;1;4096;20;1111001001101000100101;0000000000000000000001;515976
22;1;4096;20;0010000000100101110011;0000000000100101110011;402107
22;1;4096;20;1001000100111101110111;0000000000011101110111;262126
22;1;4096;20;1111101011101110100101;1011111111111111110111;286581
22;1;4096;20;0010111010111001001000;0000000000111001001000;449324
22;1;4096;20;0110000110101000001010;0000000000101000001010;274468
22;1;4096;20;0100000101010111100111;0000000000010111100111;308495
22;1;4096;20;0101100000100001000110;0000000000100001000110;293038
22;1;4096;20;1110011000111110001000;0000000000111110001000;417242
22;1;4096;20;0100110100100011100100;1111111111111111111111;279168
22;1;4096;20;1001110100100110110111;0000000000100110110111;285513
22;1;4096;20;1111001000010001101000;0000000000010001101000;274306
22;1;4096;20;1000111011100000011100;0000000001100000011100;273498
22;1;4096;20;0001011010100110011010;0000000000100110011010;280499
22;1;4096;20;0011001011001001101101;0000000001001001101101;276302
22;1;4096;20;1100010110010001000110;0000000000010001000110;361253
22;1;4096;20;0010010101111101000100;0000000001101101000100;2100672
22;1;4096;20;1110011101110011111001;0000000000110011111001;296161
22;1;4096;20;1110110000101110010010;0000000000101110010010;292594
22;1;4096;20;0110001110110101000101;0000000000110101000101;287530
22;1;4096;20;1110110100001111000110;0000000000000000000000;273213
22;1;4096;20;0010101100011111100111;0000000000000000000000;270131
22;1;4096;20;1110110100010111111100;0000000000010111111100;262905
22;1;4096;20;0001100111111000101010;0000000000011000101010;364409
22;1;4096;20;0011110111010010011001;0000000001010010011001;269481
22;1;4096;20;0010000111010110100010;0000000001010110100010;275456
22;1;4096;20;0011100101000010011110;0000000000000000000000;285014
22;1;4096;20;0000001111101000001000;0000000001101000001000;267986
22;1;4096;20;0110101010110101000110;0000000000110101000110;280859
22;1;4096;20;0001010110011000111111;1111111111111111111111;285696
22;1;4096;20;1010001010110111011010;0000000000110111011010;273326
22;1;4096;20;0110011110001101101001;0000000000001101101001;283220
22;1;4096;20;0011000001011111101111;0000000000011111101111;421311
22;1;4096;20;0001011010000000111001;0000000000000000111001;280364
22;1;4096;20;1110100010100000110010;0000000000100000110010;285520
22;1;4096;20;1001101000001011000010;0000000000001011000010;273467
22;1;4096;20;1000000110001000101011;0000000000001000101011;274349
22;1;4096;20;1011011111110010101000;0000000001110010101000;443030
22;1;4096;20;1110001010010101100001;1111111111111111111111;272175
22;1;4096;20;1100001101010100010111;0000000000000000000000;508034
22;1;4096;20;1011110101101110001111;0000000000101110001111;282400
22;1;4096;20;0110000110001010001010;0000000000001010001010;269989
22;1;4096;20;1111101001100100011101;0000000001100100011101;452893
22;1;4096;20;1010010000111001000000;0000000000111001000000;272856
22;1;4096;20;0000110011010010010100;1111111111111111111111;518435
22;1;4096;20;0010010100110110111110;0000000000110110111110;281903
22;1;4096;20;0110110011110000010000;0000000001110000010000;282501
22;1;4096;20;0000101100011101110110;0000000000011101110110;272350
22;1;4096;20;1110100011111111010011;0000000000000000000000;272021
22;1;4096;20;1101111100100011100001;0000000000100011100001;272138
22;1;4096;20;0001010111101010110010;0000000001101010110010;277437
22;1;4096;20;0011011110010001110000;0000000000010001110000;265553
22;1;4096;20;0110000000101000000011;0000000000101000000011;440366
22;1;4096;20;1100001010000101000011;0000000000000101000011;329926
22;1;4096;20;1110011110111000011100;0000000000111000011100;273286
22;1;4096;20;1110100110010011010111;0000000000010011010111;279685
22;1;4096;20;1111000010101111110001;0000000000101111110001;270506
22;1;4096;20;1010110001010000000101;0000000001010000000101;263256
22;1;4096;20;1010010101010101110011;0000000000010101110011;501006
22;1;4096;20;0010101110100101001110;0000000000000101001110;328709
22;1;4096;20;0111000000100010101111;0000000000000010101111;268140
22;1;4096;20;0001010000011101110001;0000000000011101110001;386237
22;1;4096;20;1110101101011001000001;0000000001011001000001;287673
22;1;4096;20;1101101101010000001011;0000000001010000001011;283630
22;1;4096;20;1011010110000100110111;0000000000000100110111;277940
22;1;4096;20;0000000000101000111011;0000000000101000111011;283765
22;1;4096;20;0110010110000010001110;0000000000000010001110;273391
22;1;4096;20;0011111110110010100001;0000000000110010100001;270038
22;1;4096;20;0110111100110100100000;0000000000110100100000;266500
22;1;4096;20;0000111101101000000001;0000000001101000000001;282180
22;1;4096;20;0001001010010001001110;0000000000010001001110;263022
22;1;4096;20;1110110010111111001101;0000000000111111001101;2545099
22;1;4096;20;0101011101010010010100;0000000001010010010100;266839
23;1;4096;20;11010011100011001100111;00000000000011001100111;324837
23;1;4096;20;11010011100011001100111;00000000000001001100111;511956
23;1;4096;20;10001000111111111111010;00000000000111111111010;278254
23;1;4096;20;10110001101000100111010;00000000001000100111010;449508
23;1;4096;20;10000100011001111011101;00000000000001111011101;280318
23;1;4096;20;11010101101110100011011;00000000000010100011011;291838
23;1;4096;20;00110001011100110111101;00000000000100110111101;279471
23;1;4096;20;01110110100001111110101;00000000000001111110101;266142
23;1;4096;20;01000101001100001111000;00000000001100001111000;463836
23;1;4096;20;01001010111001000000011;00000000001001000000011;289688
23;1;4096;20;01001101001100001101111;00000000000100001101111;272265
23;1;4096;20;11101011001011010111111;00000000000000000000111;363691
23;1;4096;20;01100101001001011010000;00000000001001011010000;436208
23;1;4096;20;01111110111110110101010;00000000000110110101010;282912
23;1;4096;20;00101111000010000011011;00000000000010000011011;275607
23;1;4096;20;01111010110011011010101;00000000000011011010101;276913
23;1;4096;20;00010011111110101111100;00000000000110101111100;416270
23;1;4096;20;11111111010110110111001;11111111111111110111111;271777
23;1;4096;20;10011110001111001010110;00000000000111001010110;284728
23;1;4096;20;01110000111100000011001;00000000000100000011001;285284
23;1;4096;20;11000010101001011000111;00000000000000011000111;278269
23;1;4096;20;01110100000111100110000;00000000000111100110000;278744
23;1;4096;20;11100101111001011000010;00000000001001011000010;277147
23;1;4096;20;00111101001111000001110;00000000000111000001110;286753
23;1;4096;20;11100001110101101001001;00000000000101101001001;275456
23;1;4096;20;00011000110110011011101;11111111111111111111111;297609
23;1;4096;20;10110001000111010110101;00000000000111010110101;273268
23;1;4096;20;11111001001101000100101;00000000000101000100101;277048
23;1;4096;20;00010000000100101110011;00000000000100101110011;360925
23;1;4096;20;01001000100111101110111;00000000000111101110111;279435
23;1;4096;20;11111101011101110100101;00000000000101110100101;291362
23;1;4096;20;00010111010111001001000;00000000000111001001000;284496
23;1;4096;20;10110000110101000001010;00000000000000000001010;374005
23;1;4096;20;10100000101010111100111;10101111011101111111111;264617
23;1;4096;20;00101100000100001000110;00000000000100001000110;278166
23;1;4096;20;11110011000111110001000;00000000000111110001000;263856
23;1;4096;20;10100110100100011100100;00000000000100011100100;282894
23;1;4096;20;11001110100100110110111;00000000000100110110111;271650
23;1;4096;20;11111001000010001101000;00000000000000000000000;271309
23;1;4096;20;11000111011100000011100;00000000001100000011100;311773
23;1;4096;20;00001011010100110011010;00000000000100110011010;272326
23;1;4096;20;10011001011001001101101;00000000001001001101101;276479
23;1;4096;20;01100010110010001000110;00000000000010001000110;289475
23;1;4096;20;10010010101111101000100;00000000001111101000100;265245
23;1;4096;20;01110011101110011111001;00000000000110011111001;371604
23;1;4096;20;01110110000101110010010;00000000000101110010010;283956
23;1;4096;20;10110001110110101000101;00000000000110101000101;275317
23;1;4096;20;11110110100001111000110;00000000000001111000110;265990
23;1;4096;20;00010101100011111100111;00000000000000000000000;277786
23;1;4096;20;11110110100010111111100;00000000000010111111100;290023
23;1;4096;20;00001100111111000101010;00000000000011000101010;299156
23;1;4096;20;00011110111010010011001;00000000001010010011001;272124
23;1;4096;20;00010000111010110100010;00000000001010110100010;288723
23;1;4096;20;00011100101000010011110;00000000001000010011110;281522
23;1;4096;20;10000001111101000001000;00000000001101000001000;285254
23;1;4096;20;00110101010110101000110;00000000000110101000110;282730
23;1;4096;20;00001010110011000111111;00000000000011000111111;532977
23;1;4096;20;01010001010110111011010;11111111111111111111111;271379
23;1;4096;20;00110011110001101101001;00000000000001101101001;285609
23;1;4096;20;00011000001011111101111;00000000000011111101111;274733
23;1;4096;20;10001011010000000111001;00000000000000000111001;277403
23;1;4096;20;11110100010100000110010;00000000000100000110010;270304
23;1;4096;20;11001101000001011000010;00000000000001011000010;262552
23;1;4096;20;01000000110001000101011;00000000000000000000000;533549
23;1;4096;20;11011011111110010101000;11111111111111111111111;270920
23;1;4096;20;01110001010010101100001;00000000000010101100001;282367
23;1;4096;20;01100001101010100010111;00000000000000100010111;285062
23;1;4096;20;01011110101101110001111;00000000000001110001111;282763
23;1;4096;20;10110000110001010001010;00000000000001010001010;292260
23;1;4096;20;01111101001100100011101;00000000000100100011101;276336
23;1;4096;20;01010010000111001000000;00000000000000000000000;291380
23;1;4096;20;00000110011010010010100;00000000001010010010100;279350
23;1;4096;20;00010010100110110111110;00000000000110110111110;265298
23;1;4096;20;10110110011110000010000;00000000001110000010000;273934
23;1;4096;20;00000101100011101110110;11111111101011111111111;426958
23;1;4096;20;11110100011111111010011;11111110111111111111111;334406
23;1;4096;20;01101111100100011100001;00000000000100011100001;460762
23;1;4096;20;10001010111101010110010;11111110111111111111111;342758
23;1;4096;20;10011011110010001110000;00000000000010001110000;300607
23;1;4096;20;10110000000101000000011;00000000000101000000011;293694
23;1;4096;20;01100001010000101000011;00000000000000101000011;288070
23;1;4096;20;11110011110111000011100;00000000000111000011100;295157
23;1;4096;20;11110100110010011010111;00000000000010011010111;333250
23;1;4096;20;11111000010101111110001;00000000000101111110001;407160
23;1;4096;20;01010110001010000000101;00000000001010000000101;280124
23;1;4096;20;11010010101010101110011;00000000000010101110011;296954
23;1;4096;20;00010101110100101001110;00000000000100101001110;275422
23;1;4096;20;00111000000100010101111;00000000000100010101111;266096
23;1;4096;20;10001010000011101110001;00000000000011101110001;267174
23;1;4096;20;01110101101011001000001;00000000001011001000001;365332
23;1;4096;20;11101101101010000001011;11111111111111111111111;274026
23;1;4096;20;01011010110000100110111;00000000000000100110111;285561
23;1;4096;20;10000000000101000111011;00000000000101000111011;288589
23;1;4096;20;00110010110000010001110;00000000000000010001110;269363
23;1;4096;20;00011111110110010100001;00000000000110010100001;305096
23;1;4096;20;00110111100110100100000;00000000000110100100000;296680
23;1;4096;20;00000111101101000000001;00000000001101000000001;277175
23;1;4096;20;00001001010010001001110;00000000000010001001110;264010
23;1;4096;20;01110110010111111001101;00000000000111111001101;284371
23;1;4096;20;00101011101010010010100;00000000001010010010100;463719
24;1;4096;20;011010011100011001100111;000000000000011001100111;297075
24;1;4096;20;011010011100011001100111;000000000000011001100111;283882
24;1;4096;20;010001000111111111111010;000000000000011111111010;279376
24;1;4096;20;110110001101000100111010;000000000001000100111010;282986
24;1;4096;20;010000100011001111011101;000000000000001111011101;274078
24;1;4096;20;011010101101110100011011;000000000000000100011011;366099
24;1;4096;20;000110001011100110111101;111111111111111111111111;285540
24;1;4096;20;001110110100001111110101;000000000000000000000101;357842
24;1;4096;20;001000101001100001111000;000000000001100001111000;284108
24;1;4096;20;101001010111001000000011;000000000001001000000011;302145
24;1;4096;20;001001101001100001101111;000000000000100001101111;372395
24;1;4096;20;011101011001011010111111;000000000000011010111111;303077
24;1;4096;20;101100101001001011010000;000000000001001011010000;299104
24;1;4096;20;101111110111110110101010;000000000000110110101010;304565
24;1;4096;20;000101111000010000011011;000000000000010000011011;302695
24;1;4096;20;001111010110011011010101;000000000000011011010101;297457
24;1;4096;20;100010011111110101111100;000000000000110101111100;352848
24;1;4096;20;011111111010110110111001;000000000000000110111001;296901
24;1;4096;20;010011110001111001010110;000000000000111001010110;283602
24;1;4096;20;001110000111100000011001;000000000000100000011001;372742
24;1;4096;20;011000010101001011000111;000000000000001011000111;279657
24;1;4096;20;001110100000111100110000;000000000000111100110000;295150
24;1;4096;20;111100101111001011000010;000000000001001011000010;282920
24;1;4096;20;000111101001111000001110;000000000001111000001110;295015
24;1;4096;20;111100001110101101001001;000000000000101101001001;467009
24;1;4096;20;000011000110110011011101;000000000000110011011101;280939
24;1;4096;20;110110001000111010110101;000000000000111010110101;284863
24;1;4096;20;011111001001101000100101;000000000000101000100101;278175
24;1;4096;20;000010000000100101110011;000000000000100101110011;281758
24;1;4096;20;101001000100111101110111;000000000000111101110111;279201
24;1;4096;20;111111101011101110100101;000000000000101110100101;274609
24;1;4096;20;000010111010111001001000;000000000000000000000000;361612
24;1;4096;20;110110000110101000001010;111111111111111111111111;273237
24;1;4096;20;010100000101010111100111;000000000000010111100111;287475
24;1;4096;20;100101100000100001000110;000000000000100001000110;279130
24;1;4096;20;111110011000111110001000;111111111110111111111111;325087
24;1;4096;20;110100110100100011100100;000000000000100011100100;288115
24;1;4096;20;111001110100100110110111;000000000000100110110111;274428
24;1;4096;20;111111001000010001101000;000000000000010001101000;274632
24;1;4096;20;111000111011100000011100;000000000001100000011100;292781
24;1;4096;20;000001011010100110011010;000000000000100110011010;293374
24;1;4096;20;010011001011001001101101;000000000001001001101101;286460
24;1;4096;20;001100010110010001000110;000000000000010001000110;294824
24;1;4096;20;110010010101111101000100;000000000001111101000100;275803
24;1;4096;20;001110011101110011111001;000000000000110011111001;477441
24;1;4096;20;001110110000101110010010;000000000000101110010010;279444
24;1;4096;20;110110001110110101000101;000000000000110101000101;279890
24;1;4096;20;111110110100001111000110;000000000000001111000110;286170
24;1;4096;20;000010101100011111100111;000000000000001111100111;547713
24;1;4096;20;111110110100010111111100;000000000000010111111100;325468
24;1;4096;20;000001100111111000101010;000000000000011000101010;273816
24;1;4096;20;100011110111010010011001;000000000001010010011001;279390
24;1;4096;20;000010000111010110100010;000000000001010110100010;279451
24;1;4096;20;000011100101000010011110;000000000001000010011110;268308
24;1;4096;20;010000001111101000001000;000000000001101000001000;276631
24;1;4096;20;000110101010110101000110;000000000000110101000110;458187
24;1;4096;20;100001010110011000111111;111111111111111111111111;276983
24;1;4096;20;001010001010110111011010;000000000000000000011010;391502
24;1;4096;20;100110011110001101101001;111111111111111111111111;582801
24;1;4096;20;000011000001011111101111;000000000000011111101111;321055
24;1;4096;20;110001011010000000111001;000000000000000000111001;286777
24;1;4096;20;111110100010100000110010;000000000000100000110010;298727
24;1;4096;20;111001101000001011000010;000000000000001011000010;300952
24;1;4096;20;001000000110001000101011;000000000000001000101011;303637
24;1;4096;20;111011011111110010101000;000000000001110010101000;290660
24;1;4096;20;001110001010010101100001;000000000000010101100001;281197
24;1;4096;20;101100001101010100010111;000000000000010100010111;281597
24;1;4096;20;001011110101101110001111;000000000000001110001111;364875
24;1;4096;20;110110000110001010001010;000000000000001010001010;275867
24;1;4096;20;101111101001100100011101;000000000000100100011101;275932
24;1;4096;20;101010010000111001000000;000000000000111001000000;285738
24;1;4096;20;000000110011010010010100;000000000001010010010100;285325
24;1;4096;20;000010010100110110111110;000000000000110110111110;351770
24;1;4096;20;010110110011110000010000;000000000001110000010000;281508
24;1;4096;20;100000101100011101110110;000000000000011101110110;267798
24;1;4096;20;011110100011111111010011;000000000000111111010011;292411
24;1;4096;20;001101111100100011100001;000000000000100011100001;286021
24;1;4096;20;110001010111101010110010;000000000000101010110010;291272
24;1;4096;20;010011011110010001110000;000000000000010001110000;278089
24;1;4096;20;010110000000101000000011;000000000000101000000011;292819
24;1;4096;20;001100001010000101000011;000000000000000101000011;282180
24;1;4096;20;011110011110111000011100;000000000000011000011100;288772
24;1;4096;20;011110100110010011010111;000000000000010011010111;293460
24;1;4096;20;111111000010101111110001;000000000000101111110001;276208
24;1;4096;20;001010110001010000000101;000000000001010000000101;289696
24;1;4096;20;011010010101010101110011;000000000000010101110011;278129
24;1;4096;20;000010101110100101001110;000000000000100101001110;373881
24;1;4096;20;000111000000100010101111;000000000000000010101111;288199
24;1;4096;20;110001010000011101110001;000000000000011101110001;289524
24;1;4096;20;101110101101011001000001;000000000001011001000001;360947
24;1;4096;20;111101101101010000001011;000000000000010000001011;405958
24;1;4096;20;001011010110000100110111;000000000000000100110111;289543
24;1;4096;20;010000000000101000111011;000000000000101000111011;279180
24;1;4096;20;100110010110000010001110;000000000000000010001110;284744
24;1;4096;20;000011111110110010100001;000000000000110010100001;441191
24;1;4096;20;000110111100110100100000;000000000000110100100000;281684
24;1;4096;20;100000111101101000000001;000000000001101000000001;277877
24;1;4096;20;100001001010010001001110;000000000000000001001110;380351
24;1;4096;20;101110110010111111001101;000000000000111111001101;277126
24;1;4096;20;000101011101010010010100;000000000001010010010100;372260
25;1;4096;20;1011010011100011001100111;0000000000000011001100111;299149
25;1;4096;20;1011010011100011001100111;0000000000000011001100111;286936
25;1;4096;20;1010001000111111111111010;0000000000000011111111010;582617
25;1;4096;20;0110110001101000100111010;0000000000000000100111010;545228
25;1;4096;20;0010000100011001111011101;0000000000000001111011101;302689
25;1;4096;20;0011010101101110100011011;0000000000000010100011011;281298
25;1;4096;20;1000110001011100110111101;0000000000000100110111101;291541
25;1;4096;20;1001110110100001111110101;0000000000000001111110101;290872
25;1;4096;20;1001000101001100001111000;0000000000000100001111000;285406
25;1;4096;20;1101001010111001000000011;0000000000000000000000000;453772
25;1;4096;20;1001001101001100001101111;0000000000000100001101111;295960
25;1;4096;20;1011101011001011010111111;0000000000000011010111111;287309
25;1;4096;20;0101100101001001011010000;0000000000001001011010000;290727
25;1;4096;20;1101111110111110110101010;0000000000000110110101010;288882
25;1;4096;20;0000101111000010000011011;0000000000000010000011011;332028
25;1;4096;20;1001111010110011011010101;0000000000000011011010101;293884
25;1;4096;20;0100010011111110101111100;0000000000000110101111100;300053
25;1;4096;20;1011111111010110110111001;0000000000000110110111001;297676
25;1;4096;20;1010011110001111001010110;0000000000000111001010110;498952
25;1;4096;20;0001110000111100000011001;1111111111111111111111111;302582
25;1;4096;20;1011000010101001011000111;0000000000000001011000111;301471
25;1;4096;20;0001110100000111100110000;0000000000000111100110000;292272
25;1;4096;20;1111100101111001011000010;0000000000001001011000010;285224
25;1;4096;20;0000111101001111000001110;0000000000000011000001110;281117
25;1;4096;20;1111100001110101101001001;0000000000000101101001001;380268
25;1;4096;20;0000011000110110011011101;0000000000000110011011101;294925
25;1;4096;20;1110110001000111010110101;0000000000000111010110101;287007
25;1;4096;20;0011111001001101000100101;0000000000000101000100101;283517
25;1;4096;20;0000010000000100101110011;0000000000000100101110011;288530
25;1;4096;20;1101001000100111101110111;0000000000000111101110111;358351
25;1;4096;20;1111111101011101110100101;0000000000000101110100101;294907
25;1;4096;20;0000010111010111001001000;0000000000000111001001000;289977
25;1;4096;20;1110110000110101000001010;0000000000000101000001010;461280
25;1;4096;20;1010100000101010111100111;0000000000000010111100111;299415
25;1;4096;20;0100101100000100001000110;0000000000000100001000110;278708
25;1;4096;20;0111110011000111110001000;0000000000000111110001000;290004
25;1;4096;20;0110100110100100011100100;0000000000000100011100100;288161
25;1;4096;20;1111001110100100110110111;0000000000000100110110111;288607
25;1;4096;20;0111111001000010001101000;0000000000000010001101000;293648
25;1;4096;20;1111000111011100000011100;0000000000001100000011100;283945
25;1;4096;20;0000001011010100110011010;0000000000000000000000000;290299
25;1;4096;20;1010011001011001001101101;0000000000000001001101101;285072
25;1;4096;20;1001100010110010001000110;0000000000000010001000110;304656
25;1;4096;20;0110010010101111101000100;0000000000001111101000100;296941
25;1;4096;20;0001110011101110011111001;0000000000000110011111001;279969
25;1;4096;20;1001110110000101110010010;0000000000000101110010010;290717
25;1;4096;20;1110110001110110101000101;0000000000000110101000101;291316
25;1;4096;20;1111110110100001111000110;0000000000000001111000110;293381
25;1;4096;20;0000010101100011111100111;0000000000000011111100111;397282
25;1;4096;20;0111110110100010111111100;0000000000000010111111100;300384
25;1;4096;20;1000001100111111000101010;0000000000000111000101010;301089
25;1;4096;20;1100011110111010010011001;0000000000001010010011001;338078
25;1;4096;20;0000010000111010110100010;0000000000001010110100010;296333
25;1;4096;20;1000011100101000010011110;0000000000001000010011110;293521
25;1;4096;20;1010000001111101000001000;0000000000001101000001000;290928
25;1;4096;20;1000110101010110101000110;0000000000000110101000110;302503
25;1;4096;20;1100001010110011000111111;0000000000000011000111111;460090
25;1;4096;20;0001010001010110111011010;0000000000000110111011010;292206
25;1;4096;20;1100110011110001101101001;0000000000000001101101001;299944
25;1;4096;20;0000011000001011111101111;0000000000000011111101111;293567
25;1;4096;20;1110001011010000000111001;0000000000000000000111001;280822
25;1;4096;20;1111110100010100000110010;0000000000000000000000000;280940
25;1;4096;20;0111001101000001011000010;0000000000000001011000010;387746
25;1;4096;20;1001000000110001000101011;1111101111111111111111111;283963
25;1;4096;20;0111011011111110010101000;0000000000000110010101000;289260
25;1;4096;20;0001110001010010101100001;0000000000000010101100001;404774
25;1;4096;20;0101100001101010100010111;0000000000000000100010111;298175
25;1;4096;20;1001011110101101110001111;0000000000000001110001111;294739
25;1;4096;20;0110110000110001010001010;0000000000000001010001010;295387
25;1;4096;20;0101111101001100100011101;0000000000000100100011101;366288
25;1;4096;20;0101010010000111001000000;1111111111111111111011111;299034
25;1;4096;20;1000000110011010010010100;0000000000001010010010100;294048
25;1;4096;20;1000010010100110110111110;0000000000000110110111110;278207
25;1;4096;20;1010110110011110000010000;0000000000001110000010000;289157
25;1;4096;20;1100000101100011101110110;0000000000000011101110110;297257
25;1;4096;20;1011110100011111111010011;0000000000000111111010011;452890
25;1;4096;20;0001101111100100011100001;1111111111111111111111111;285663
25;1;4096;20;0110001010111101010110010;0000000000000101010110010;294055
25;1;4096;20;1010011011110010001110000;0000000000000010001110000;288980
25;1;4096;20;0010110000000101000000011;0000000000000101000000011;457982
25;1;4096;20;0001100001010000101000011;1111111111111111111111111;310910
25;1;4096;20;1011110011110111000011100;0000000000000111000011100;286045
25;1;4096;20;1011110100110010011010111;1111111111111111111111111;431950
25;1;4096;20;0111111000010101111110001;0000000000000101111110001;286037
25;1;4096;20;0001010110001010000000101;0000000000001010000000101;289101
25;1;4096;20;1011010010101010101110011;0000000000000010101110011;278305
25;1;4096;20;0000010101110100101001110;0000000000000100101001110;303502
25;1;4096;20;1000111000000100010101111;0000000000000100010101111;283864
25;1;4096;20;0110001010000011101110001;0000000000000011101110001;415178
25;1;4096;20;1101110101101011001000001;0000000000000000000000000;296603
25;1;4096;20;0111101101101010000001011;0000000000001010000001011;284476
25;1;4096;20;1001011010110000100110111;0000000000000000100110111;283195
25;1;4096;20;1010000000000101000111011;0000000000000101000111011;293355
25;1;4096;20;0100110010110000010001110;0000000000000000000000000;287199
25;1;4096;20;1000011111110110010100001;0000000000000110010100001;440661
25;1;4096;20;1000110111100110100100000;1111111111110111111111111;287756
25;1;4096;20;1100000111101101000000001;1111111111111111111101111;293483
25;1;4096;20;0100001001010010001001110;0000000000000010001001110;302770
25;1;4096;20;1101110110010111111001101;0000000000000111111001101;295762
25;1;4096;20;1000101011101010010010100;0000000000001010010010100;280874
26;1;4096;20;11011010011100011001100111;00000000000000011001100111;295004
26;1;4096;20;11011010011100011001100111;00000000000000011001100111;399345
26;1;4096;20;11010001000111111111111010;11111111111111111111111111;284665
26;1;4096;20;00110110001101000100111010;00000000000000000100111010;293849
26;1;4096;20;10010000100011001111011101;00000000000000001111011101;301079
26;1;4096;20;00011010101101110100011011;00000000000000000100011011;494577
26;1;4096;20;01000110001011100110111101;00000000000000100110111101;297279
26;1;4096;20;11001110110100001111110101;00000000000000001111110101;298937
26;1;4096;20;01001000101001100001111000;00000000000000100001111000;300898
26;1;4096;20;11101001010111001000000011;00000000000000000000000011;410292
26;1;4096;20;01001001101001100001101111;00000000000000100001101111;377056
26;1;4096;20;01011101011001011010111111;00000000000000011010111111;302691
26;1;4096;20;00101100101001001011010000;00000000000001001011010000;297131
26;1;4096;20;11101111110111110110101010;00000000000000110110101010;292921
26;1;4096;20;10000101111000010000011011;00000000000000010000011011;299685
26;1;4096;20;11001111010110011011010101;00000000000000011011010101;631580
26;1;4096;20;00100010011111110101111100;00000000000000110101111100;290957
26;1;4096;20;11011111111010110110111001;00000000000000110110111001;289583
26;1;4096;20;11010011110001111001010110;00000000000000101001010110;289208
26;1;4096;20;10001110000111100000011001;00000000000000000000011001;295340
26;1;4096;20;11011000010101001011000111;00000000000000001011000111;292151
26;1;4096;20;10001110100000111100110000;00000000000000111100110000;283919
26;1;4096;20;01111100101111001011000010;00000000000001001011000010;300032
26;1;4096;20;10000111101001111000001110;11111111111111111111111111;296605
26;1;4096;20;01111100001110101101001001;00000000000000101101001001;302691
26;1;4096;20;00000011000110110011011101;00000000000000110011011101;291703
26;1;4096;20;01110110001000111010110101;00000000000000111010110101;292641
26;1;4096;20;00011111001001101000100101;00000000000000101000100101;429727
26;1;4096;20;00000010000000100101110011;00000000000000100101110011;301077
26;1;4096;20;01101001000100111101110111;00000000000000011101110111;303964
26;1;4096;20;01111111101011101110100101;00000000000000101110100101;286549
26;1;4096;20;00000010111010111001001000;00000000000000111001001000;291768
26;1;4096;20;01110110000110101000001010;00000000000000101000001010;295318
26;1;4096;20;01010100000101010111100111;00000000000000010111100111;303631
26;1;4096;20;10100101100000100001000110;00000000000000100001000110;300004
26;1;4096;20;00111110011000111110001000;00000000000000111110001000;295799
26;1;4096;20;00110100110100100011100100;00000000000000000000000100;434758
26;1;4096;20;11111001110100100110110111;00000000000000100110110111;302218
26;1;4096;20;10111111001000010001101000;00000000000000010001101000;288246
26;1;4096;20;01111000111011100000011100;00000000000001100000011100;295489
26;1;4096;20;10000001011010100110011010;00000000000000000000001010;452619
26;1;4096;20;01010011001011001001101101;00000000000001001001101101;302772
26;1;4096;20;01001100010110010001000110;00000000000000010001000110;383411
26;1;4096;20;10110010010101111101000100;00000000000001111101000100;307875
26;1;4096;20;00001110011101110011111001;00000000000000110011111001;301884
26;1;4096;20;11001110110000101110010010;00000000000000101110010010;375623
26;1;4096;20;01110110001110110101000101;00000000000000110101000101;301745
26;1;4096;20;01111110110100001111000110;00000000000000001111000110;312668
26;1;4096;20;00000010101100011111100111;00000000000000011111100111;291105
26;1;4096;20;00111110110100010111111100;00000000000000010111111100;601196
26;1;4096;20;01000001100111111000101010;00000000000000011000101010;305015
26;1;4096;20;01100011110111010010011001;00000000000001010010011001;308593
26;1;4096;20;10000010000111010110100010;00000000000001010110100010;400912
26;1;4096;20;11000011100101000010011110;00000000000001000010011110;297842
26;1;4096;20;01010000001111101000001000;00000000000001101000001000;414208
26;1;4096;20;11000110101010110101000110;00000000000000110101000110;299571
26;1;4096;20;01100001010110011000111111;00000000000000001000111111;413276
26;1;4096;20;00001010001010110111011010;11111111111110111111111111;282639
26;1;4096;20;11100110011110001101101001;00000000000000001101101001;343456
26;1;4096;20;00000011000001011111101111;00000000000000011111101111;299016
26;1;4096;20;01110001011010000000111001;00000000000000000000111001;299296
26;1;4096;20;11111110100010100000110010;00000000000000100000110010;294021
26;1;4096;20;00111001101000001011000010;00000000000000001011000010;316673
26;1;4096;20;11001000000110001000101011;00000000000000001000101011;313092
26;1;4096;20;00111011011111110010101000;00000000000001110010101000;307302
26;1;4096;20;10001110001010010101100001;00000000000000010101100001;443444
26;1;4096;20;10101100001101010100010111;00000000000000000100010111;394841
26;1;4096;20;11001011110101101110001111;00000000000000001110001111;299996
26;1;4096;20;00110110000110001010001010;00000000000000001010001010;298908
26;1;4096;20;00101111101001100100011101;00000000000000100100011101;301701
26;1;4096;20;00101010010000111001000000;00000000000000111001000000;296373
26;1;4096;20;11000000110011010010010100;00000000000001010010010100;498251
26;1;4096;20;11000010010100110110111110;11111111111111111111111111;375289
26;1;4096;20;11010110110011110000010000;00000000000001110000010000;299681
26;1;4096;20;11100000101100011101110110;00000000000000011101110110;291959
26;1;4096;20;01011110100011111111010011;00000000000000111111010011;293388
26;1;4096;20;10001101111100100011100001;00000000000000000011100000;628396
26;1;4096;20;10110001010111101010110010;00000000000000000000000000;306317
26;1;4096;20;01010011011110010001110000;00000000000000010001110000;307972
26;1;4096;20;10010110000000101000000011;00000000000000101000000011;311600
26;1;4096;20;10001100001010000101000011;00000000000000000101000011;303268
26;1;4096;20;11011110011110111000011100;00000000000000111000011100;289536
26;1;4096;20;01011110100110010011010111;00000000000000010011010111;302106
26;1;4096;20;10111111000010101111110001;00000000000000101111110001;288044
26;1;4096;20;00001010110001010000000101;00000000000001010000000101;299308
26;1;4096;20;01011010010101010101110011;00000000000000010101110011;409655
26;1;4096;20;00000010101110100101001110;00000000000000100101001110;297123
26;1;4096;20;01000111000000100010101111;00000000000000100010101111;311443
26;1;4096;20;10110001010000011101110001;00000000000000011101110001;289109
26;1;4096;20;11101110101101011001000001;00000000000001011001000001;286539
26;1;4096;20;00111101101101010000001011;00000000000001010000001011;311885
26;1;4096;20;01001011010110000100110111;00000000000000000100110111;304797
26;1;4096;20;01010000000000101000111011;00000000000000101000111011;294907
26;1;4096;20;00100110010110000010001110;00000000000000000010001110;298237
26;1;4096;20;11000011111110110010100001;00000000000000110010100001;300577
26;1;4096;20;11000110111100110100100000;00000000000000110100100000;381222
26;1;4096;20;11100000111101101000000001;00000000000001101000000001;289658
26;1;4096;20;00100001001010010001001110;00000000000000010001001110;294086
26;1;4096;20;11101110110010111111001101;00000000000000111111001101;292856
26;1;4096;20;01000101011101010010010100;00000000000001010010010100;289608
27;1;4096;20;011011010011100011001100111;000000000000000011001100111;369252
27;1;4096;20;011011010011100011001100111;000000000000000011001100111;291005
27;1;4096;20;111010001000111111111111010;000000000000000111111111010;304694
27;1;4096;20;000110110001101000100111010;000000000000001000100111010;293777
27;1;4096;20;110010000100011001111011101;000000000000000001111011101;312973
27;1;4096;20;000011010101101110100011011;000000000000000010100011011;294745
27;1;4096;20;001000110001011100110111101;000000000000000100110111101;306100
27;1;4096;20;111001110110100001111110101;000000000000000001111110101;298213
27;1;4096;20;101001000101001100001111000;000000000000000100001111000;304083
27;1;4096;20;111101001010111001000000011;000000000000001001000000011;312834
27;1;4096;20;101001001101001100001101111;000000000000000000000000000;301138
27;1;4096;20;101011101011001011010111111;000000000000000011010111111;491369
27;1;4096;20;000101100101001001011010000;000000000000001001011010000;302356
27;1;4096;20;111101111110111110110101010;000000000000000110110101010;292467
27;1;4096;20;010000101111000010000011011;000000000000000010000011011;313669
27;1;4096;20;111001111010110011011010101;000000000000000011011010101;296343
27;1;4096;20;100100010011111110101111100;000000000000000110101111100;303946
27;1;4096;20;011011111111010110110111001;000000000000000110110111001;298059
27;1;4096;20;111010011110001111001010110;000000000000000111001010110;290509
27;1;4096;20;010001110000111100000011001;000000000000000100000011001;318729
27;1;4096;20;111011000010101001011000111;000000000000000001011000111;298885
27;1;4096;20;010001110100000111100110000;000000000000000111100110000;300182
27;1;4096;20;001111100101111001011000010;000000000000001001011000010;303564
27;1;4096;20;010000111101001111000001110;000000000000000011000001110;293301
27;1;4096;20;101111100001110101101001001;000000000000000101101001001;463157
27;1;4096;20;000000011000110110011011101;000000000000000110011011101;301485
27;1;4096;20;001110110001000111010110101;000000000000000111010110101;288776
27;1;4096;20;000011111001001101000100101;000000000000000000000000000;292377
27;1;4096;20;000000010000000100101110011;000000000000000100101110011;341267
27;1;4096;20;101101001000100111101110111;000000000000000111101110111;303680
27;1;4096;20;001111111101011101110100101;000000000000000101110100101;465301
27;1;4096;20;100000010111010111001001000;000000000000000111001001000;307504
27;1;4096;20;001110110000110101000001010;000000000000000101000001010;291597
27;1;4096;20;101010100000101010111100111;000000000000000010111100111;308154
27;1;4096;20;110100101100000100001000110;000000000000000100001000110;302625
27;1;4096;20;100111110011000111110001000;000000000000000111110001000;466624
27;1;4096;20;000110100110100100011100100;000000000000000100011100100;314906
27;1;4096;20;111111001110100100110110111;000000000000000100110110111;298126
27;1;4096;20;010111111001000010001101000;111111111110111111111111111;303476
27;1;4096;20;001111000111011100000011100;000000000000001100000011100;416891
27;1;4096;20;010000001011010100110011010;000000000000000100110011010;298697
27;1;4096;20;101010011001011001001101101;000000000000000001001101101;312398
27;1;4096;20;001001100010110010001000110;000000000000000000000000110;364838
27;1;4096;20;010110010010101111101000100;000000000000001111101000100;302792
27;1;4096;20;100001110011101110011111001;000000000000000110011111001;307498
27;1;4096;20;011001110110000101110010010;000000000000000101110010010;298913
27;1;4096;20;101110110001110110101000101;000000000000000110101000101;306538
27;1;4096;20;101111110110100001111000110;000000000000000001111000110;312614
27;1;4096;20;100000010101100011111100111;000000000000000011111100111;365046
27;1;4096;20;100111110110100010111111100;000000000000000010111111100;297670
27;1;4096;20;101000001100111111000101010;000000000000000111000101010;308679
27;1;4096;20;001100011110111010010011001;000000000000001010010011001;307968
27;1;4096;20;010000010000111010110100010;000000000000001010110100010;299699
27;1;4096;20;111000011100101000010011110;000000000000001000010011110;301279
27;1;4096;20;001010000001111101000001000;000000000000001101000001000;310229
27;1;4096;20;011000110101010110101000110;000000000000000110101000110;294548
27;1;4096;20;101100001010110011000111111;000000000000000000000000000;304367
27;1;4096;20;000001010001010110111011010;000000000000000110111011010;299776
27;1;4096;20;111100110011110001101101001;000000000000000001101101001;307732
27;1;4096;20;100000011000001011111101111;000000000000000011111101111;300566
27;1;4096;20;001110001011010000000111001;000000000000000000000111001;285601
27;1;4096;20;011111110100010100000110010;000000000000000100000110010;307173
27;1;4096;20;000111001101000001011000010;000000000000000001011000010;295639
27;1;4096;20;111001000000110001000101011;000000000000000001000101011;384464
27;1;4096;20;000111011011111110010101000;000000000000001110010101000;290981
27;1;4096;20;010001110001010010101100001;000000000000000010101100001;307607
27;1;4096;20;010101100001101010100010111;000000000000000000100010111;307065
27;1;4096;20;111001011110101101110001111;000000000000000001110001111;306554
27;1;4096;20;100110110000110001010001010;111111111111111111111111111;318318
27;1;4096;20;000101111101001100100011101;000000000000000100100011101;306764
27;1;4096;20;000101010010000111001000000;000000000000000000000000000;488082
27;1;4096;20;011000000110011010010010100;000000000000001010010010100;301708
27;1;4096;20;011000010010100110110111110;000000000000000110110111110;291441
27;1;4096;20;011010110110011110000010000;000000000000001110000010000;310221
27;1;4096;20;011100000101100011101110110;000000000000000011101110110;294933
27;1;4096;20;001011110100011111111010011;000000000000000111111010011;287126
27;1;4096;20;110001101111100100011100001;000000000000000100011100001;443682
27;1;4096;20;010110001010111101010110010;000000000000000101010110010;295695
27;1;4096;20;001010011011110010001110000;000000000000000010001110000;384147
27;1;4096;20;010010110000000101000000011;000000000000000101000000011;419108
27;1;4096;20;010001100001010000101000011;000000000000000000101000011;438443
27;1;4096;20;111011110011110111000011100;000000000000000111000011100;335360
27;1;4096;20;001011110100110010011010111;000000000000000010011010111;310294
27;1;4096;20;110111111000010101111110001;000000000000000000000010001;435936
27;1;4096;20;000001010110001010000000101;000000000000001010000000101;314738
27;1;4096;20;101011010010101010101110011;000000000000000000000000000;312094
27;1;4096;20;000000010101110100101001110;000000000000000000101001110;313294
27;1;4096;20;001000111000000100010101111;000000000000000100010101111;307557
27;1;4096;20;010110001010000011101110001;000000000000000010101100001;481722
27;1;4096;20;111101110101101011001000001;111111101111111111111111111;299367
27;1;4096;20;100111101101101010000001011;000000000000001010000001011;308880
27;1;4096;20;001001011010110000100110111;000000000000000000100110111;299695
27;1;4096;20;101010000000000101000111011;111111101011111111111111011;389457
27;1;4096;20;100100110010110000010001110;000000000000000000010001110;310284
27;1;4096;20;111000011111110110010100001;000000000000000110010100001;297513
27;1;4096;20;011000110111100110100100000;000000000000000110100100000;298842
27;1;4096;20;011100000111101101000000001;000000000000001101000000001;393171
27;1;4096;20;100100001001010010001001110;000000000000000000001001110;526167
27;1;4096;20;011101110110010111111001101;000000000000000111111001101;618615
27;1;4096;20;101000101011101010010010100;000000000000001010010010100;303343
28;1;4096;20;0011011010011100011001100111;0000000000000000011001100111;326947
28;1;4096;20;0011011010011100011001100111;0000000000000000000000000111;598854
28;1;4096;20;1111010001000111111111111010;0000000000000000011111111010;318502
28;1;4096;20;1000110110001101000100111010;0000000000000001000100111010;408558
28;1;4096;20;1110010000100011001111011101;0000000000000000001111011101;375344
28;1;4096;20;1000011010101101110100011011;0000000000000000010100011011;439278
28;1;4096;20;0001000110001011100110111101;0000000000000000100110111101;304400
28;1;4096;20;1111001110110100001111110101;0000000000000000000000000000;312642
28;1;4096;20;1101001000101001100001111000;0000000000000000000000000000;307115
28;1;4096;20;0111101001010111001000000011;0000000000000000000000000000;377228
28;1;4096;20;0101001001101001100001101111;0000000000000000000000000111;409452
28;1;4096;20;1101011101011001011010111111;0000000000000000011010111111;319502
28;1;4096;20;0000101100101001001011010000;0000000000000000001011010000;334507
28;1;4096;20;1111101111110111110110101010;0000000000000000110110101010;294033
28;1;4096;20;1010000101111000010000011011;0000000000000000010000011011;471990
28;1;4096;20;0111001111010110011011010101;0000000000000000000000000000;321155
28;1;4096;20;1100100010011111110101111100;0000000000000000110101111100;299342
28;1;4096;20;0011011111111010110110111001;0000000000000000110110111001;314093
28;1;4096;20;1111010011110001111001010110;0000000000000000111001010110;316372
28;1;4096;20;1010001110000111100000011001;0000000000000001100000011001;306782
28;1;4096;20;0111011000010101001011000111;0000000000000000001011000111;320903
28;1;4096;20;0010001110100000111100110000;0000000000000000111100110000;318920
28;1;4096;20;0001111100101111001011000010;0000000000000001001011000010;310042
28;1;4096;20;0010000111101001111000001110;0000000000000000011000001110;306635
28;1;4096;20;1101111100001110101101001001;0000000000000000101101001001;302367
28;1;4096;20;1000000011000110110011011101;0000000000000000110011011101;293101
28;1;4096;20;1001110110001000111010110101;0000000000000000111010110101;295790
28;1;4096;20;1000011111001001101000100101;0000000000000001101000100101;359284
28;1;4096;20;1000000010000000100101110011;0000000000000000100101110011;312156
28;1;4096;20;0101101001000100111101110111;0000000000000000111101110111;306290
28;1;4096;20;1001111111101011101110100101;0000000000000000101110100101;293937
28;1;4096;20;1100000010111010111001001000;0000000000000000000000000000;527701
28;1;4096;20;0001110110000110101000001010;0000000000000000101000001010;320655
28;1;4096;20;1101010100000101010111100111;0000000000000000010111100111;305042
28;1;4096;20;1110100101100000100001000110;0000000000000000100001000110;312487
28;1;4096;20;1100111110011000111110001000;0000000000000000111110001000;300226
28;1;4096;20;0000110100110100100011100100;0000000000000000100011100100;488971
28;1;4096;20;1111111001110100100110110111;0000000000000000100110110111;315434
28;1;4096;20;1010111111001000010001101000;0000000000000000000000101000;354875
28;1;4096;20;0001111000111011100000011100;0000000000000001100000011100;316997
28;1;4096;20;1010000001011010100110011010;0000000000000000100110011010;403644
28;1;4096;20;1101010011001011001001101101;0000000000000001001001101101;324493
28;1;4096;20;1001001100010110010001000110;0000000000000000010001000110;304864
28;1;4096;20;1010110010010101111101000100;0000000000000001111101000100;308016
28;1;4096;20;0100001110011101110011111001;0000000000000000110010111001;348993
28;1;4096;20;1011001110110000101110010010;0000000000000000101110010010;308797
28;1;4096;20;1101110110001110110101000101;0000000000000000110101000101;318073
28;1;4096;20;0101111110110100001111000110;0000000000000000000000000000;319595
28;1;4096;20;1100000010101100011111100111;0000000000000000011111100111;308033
28;1;4096;20;1100111110110100010111111100;0000000000000000000000000000;313219
28;1;4096;20;1101000001100111111000101010;1111111111110111111111111111;397430
28;1;4096;20;1001100011110111010010011001;0000000000000000000000000000;329323
28;1;4096;20;1010000010000111010110100010;0000000000000001010110100010;319502
28;1;4096;20;0111000011100101000010011110;0000000000000001000010011110;313966
28;1;4096;20;1001010000001111101000001000;0000000000000000000000000000;312517
28;1;4096;20;1011000110101010110101000110;0000000000000000110101000110;308200
28;1;4096;20;1101100001010110011000111111;0000000000000000000000000000;460595
28;1;4096;20;0000001010001010110111011010;0000000000000000110111011010;302655
28;1;4096;20;1111100110011110001101101001;0000000000000000001101101001;383851
28;1;4096;20;0100000011000001011111101111;0000000000000000011111101111;309539
28;1;4096;20;1001110001011010000000111001;0000000000000000000000111001;319127
28;1;4096;20;1011111110100010100000110010;0000000000000000000000000000;310140
28;1;4096;20;0000111001101000001011000010;0000000000000000001011000010;305439
28;1;4096;20;0111001000000110001000101011;0000000000000000000000000000;305386
28;1;4096;20;1000111011011111110010101000;1111111111111111111111111111;321468
28;1;4096;20;1010001110001010010101100001;0000000000000000010101100001;466816
28;1;4096;20;0010101100001101010100010111;1111111111101111111111111111;424387
28;1;4096;20;1111001011110101101110001111;0000000000000000001110001111;300950
28;1;4096;20;1100110110000110001010001010;0000000000000000000000000000;302848
28;1;4096;20;0000101111101001100100011101;0000000000000000100100011101;289240
28;1;4096;20;1000101010010000111001000000;1111111111111111111111111111;331989
28;1;4096;20;1011000000110011010010010100;0000000000000001010010010100;311736
28;1;4096;20;1011000010010100110110111110;0000000000000000110110111110;311625
28;1;4096;20;1011010110110011110000010000;0000000000000001110000010000;316013
28;1;4096;20;1011100000101100011101110110;0000000000000000011101110110;301156
28;1;4096;20;1001011110100011111111010011;0000000000000000111111010011;317486
28;1;4096;20;1110001101111100100011100001;0000000000000000100011100001;316124
28;1;4096;20;0010110001010111101010110010;0000000000000000101010110010;308227
28;1;4096;20;0001010011011110010001110000;0000000000000000010001110000;485636
28;1;4096;20;0010010110000000101000000011;0000001110100000101100000011;316388
28;1;4096;20;0010001100001010000101000011;0000000000000000000101000011;290281
28;1;4096;20;1111011110011110111000011100;0000000000000000000000000000;309213
28;1;4096;20;0001011110100110010011010111;0000000000000000010011010111;308049
28;1;4096;20;1110111111000010101111110001;0000000000000000101111110001;304127
28;1;4096;20;0000001010110001010000000101;0000000000000000000000000000;321588
28;1;4096;20;0101011010010101010101110011;0000000000000000010101110011;303280
28;1;4096;20;1000000010101110100101001110;0000000000000000100101001110;309772
28;1;4096;20;1001000111000000100010101111;0000000000000000000000000000;306688
28;1;4096;20;1010110001010000011101110001;0000000000000000011101110001;408021
28;1;4096;20;0111101110101101011001000001;0000000000000001011001000001;308269
28;1;4096;20;1100111101101101010000001011;0000000000000001010000001011;296756
28;1;4096;20;1001001011010110000100110111;0000000000000000000100110111;629831
28;1;4096;20;1101010000000000101000111011;0000000000000000101000111011;316152
28;1;4096;20;0100100110010110000010001110;0000000000000000000010001110;313287
28;1;4096;20;0111000011111110110010100001;0000000000000000110010100001;303141
28;1;4096;20;1011000110111100110100100000;0000000000000000000000000000;306726
28;1;4096;20;0011100000111101101000000001;0000000000000001101000000001;308724
28;1;4096;20;1100100001001010010001001110;0000000000000000010001001110;386594
28;1;4096;20;1011101110110010111111001101;0000000000000000111111001101;308236
28;1;4096;20;0101000101011101010010010100;1111111111111111111111111111;303829
29;1;4096;20;10011011010011100011001100111;00000000000000000011001100111;325859
29;1;4096;20;10011011010011100011001100111;00000000000000000011001100111;326007
29;1;4096;20;01111010001000111111111111010;00000000000000000011111111010;333147
29;1;4096;20;01000110110001101000100111010;00000000000000001000100111010;327836
29;1;4096;20;11110010000100011001111011101;00000000000000000000000000101;433392
29;1;4096;20;01000011010101101110100011011;00000000000000000110100011011;342417
29;1;4096;20;10001000110001011100110111101;00000000000000000100110111101;330097
29;1;4096;20;01111001110110100001111110101;00000000000000000001111110101;340373
29;1;4096;20;11101001000101001100001111000;00000000000000001100001111000;344044
29;1;4096;20;10111101001010111001000000011;00000000000000001001000000011;378884
29;1;4096;20;10101001001101001100001101111;00000000000000000000001101111;322125
29;1;4096;20;01101011101011001011010111111;00000000000000000011010111111;318632
29;1;4096;20;00000101100101001001011010000;00000000000000001001011010000;334996
29;1;4096;20;01111101111110111110110101010;00000000000000000010110101010;522048
29;1;4096;20;11010000101111000010000011011;00000000000000000010000011011;332653
29;1;4096;20;00111001111010110011011010101;00000000000000000011011010101;332288
29;1;4096;20;01100100010011111110101111100;00000000000000000110101111100;328593
29;1;4096;20;00011011111111010110110111001;00000000000000000110110111001;325684
29;1;4096;20;11111010011110001111001010110;00000000000000000111001010110;384609
29;1;4096;20;01010001110000111100000011001;00000000000000001100000011001;335865
29;1;4096;20;00111011000010101001011000111;00000000000000000001011000111;332888
29;1;4096;20;00010001110100000111100110000;00000000000000000111100110000;319143
29;1;4096;20;10001111100101111001011000010;00000000000001001001011000010;333569
29;1;4096;20;10010000111101001111000001110;00000000000000000011000001110;317494
29;1;4096;20;11101111100001110101101001001;00000000000000000101101001001;319952
29;1;4096;20;11000000011000110110011011101;00000000000000000110011011101;326105
29;1;4096;20;01001110110001000111010110101;00000000000000000111010110101;446411
29;1;4096;20;01000011111001001101000100101;00000000000000000101000100101;334152
29;1;4096;20;01000000010000000100101110011;00000000000000000100101110011;330263
29;1;4096;20;10101101001000100111101110111;00000000000000000111101110111;335821
29;1;4096;20;11001111111101011101110100101;00000000000000000101110100101;334567
29;1;4096;20;01100000010111010111001001000;00000000000000000000000001000;364358
29;1;4096;20;00001110110000110101000001010;00000000000000000101000001010;477430
29;1;4096;20;11101010100000101010111100111;00000000000000000010111100111;342673
29;1;4096;20;01110100101100000100001000110;00000000000000000100001000110;332446
29;1;4096;20;01100111110011000111110001000;00000000000000000111110001000;327810
29;1;4096;20;10000110100110100100011100100;00000000000000000100011100100;329767
29;1;4096;20;11111111001110100100110110111;00000000000000000100110110111;319860
29;1;4096;20;01010111111001000010001101000;00000000000000000010001101000;368517
29;1;4096;20;10001111000111011100000011100;00000000000000001100000011100;325518
29;1;4096;20;11010000001011010100110011010;00000000000000000100110011010;323039
29;1;4096;20;01101010011001011001001101101;00000000000000000001001101101;327566
29;1;4096;20;01001001100010110010001000110;00000000000000000010001000110;330380
29;1;4096;20;11010110010010101111101000100;00000000000000001111101000100;327938
29;1;4096;20;10100001110011101110011111001;00000000000000000110011111001;327077
29;1;4096;20;11011001110110000101110010010;00000000000000000101110010010;324649
29;1;4096;20;01101110110001110110101000101;00000000000000000110101000101;338562
29;1;4096;20;00101111110110100001111000110;00000000000000000001111000110;329996
29;1;4096;20;01100000010101100011111100111;00000000000000000011111100111;324310
29;1;4096;20;11100111110110100010111111100;00000000000000000010111111100;472785
29;1;4096;20;01101000001100111111000101010;00000000000000000011000101010;333176
29;1;4096;20;01001100011110111010010011001;11111111111111111111111111111;334368
29;1;4096;20;01010000010000111010110100010;00000000000000001010110100010;505567
29;1;4096;20;10111000011100101000010011110;00000000000000001000010011110;337541
29;1;4096;20;01001010000001111101000001000;00000000000000001101000001000;379098
29;1;4096;20;01011000110101010110101000110;00000000000000000110101000110;336722
29;1;4096;20;11101100001010110011000111111;00000000000000000011000111111;336583
29;1;4096;20;10000001010001010110111011010;00000000000000000110111011010;325470
29;1;4096;20;01111100110011110001101101001;00000000000000000001101101001;325799
29;1;4096;20;10100000011000001011111101111;00000000000000000011111101111;514546
29;1;4096;20;11001110001011010000000111001;00000000000000000000000111001;330783
29;1;4096;20;01011111110100010100000110010;00000000000000000100000110010;340070
29;1;4096;20;00000111001101000001011000010;00000000000000000001011000010;327463
29;1;4096;20;00111001000000110001000101011;00000000000000000001000101011;412880
29;1;4096;20;11000111011011111110010101000;00000000000000001110010101000;327015
29;1;4096;20;01010001110001010010101100001;00000000000000000010101100001;323678
29;1;4096;20;00010101100001101010100010111;00000000000000000000100010111;343704
29;1;4096;20;11111001011110101101110001111;00000000000000000000110001111;331370
29;1;4096;20;01100110110000110001010001010;11111111111111111111111111111;339923
29;1;4096;20;10000101111101001100100011101;00000000000000000100100011101;335575
29;1;4096;20;11000101010010000111001000000;00000000000000000111001000000;340738
29;1;4096;20;11011000000110011010010010100;00000000000000001010010010100;333985
29;1;4096;20;11011000010010100110110111110;00000000000000000110110111110;334191
29;1;4096;20;01011010110110011110000010000;00000000000000001110000010000;340143
29;1;4096;20;01011100000101100011101110110;00000000000000000011101110110;332823
29;1;4096;20;11001011110100011111111010011;00000000000000000111111010011;329392
29;1;4096;20;11110001101111100100011100001;00000000000000000100011100001;419935
29;1;4096;20;10010110001010111101010110010;00000000000000000101010110010;333543
29;1;4096;20;00001010011011110010001110000;00000000000000000010001110000;331662
29;1;4096;20;10010010110000000101000000011;00000000000000000101000000011;335949
29;1;4096;20;00010001100001010000101000011;00000000000000000000101000011;323037
29;1;4096;20;11111011110011110111000011100;00000000000000000111000011100;331788
29;1;4096;20;10001011110100110010011010111;00000000000000000010011010111;326232
29;1;4096;20;11110111111000010101111110001;00000000000000000101111110001;320768
29;1;4096;20;10000001010110001010000000101;00000000000000001010000000101;329480
29;1;4096;20;10101011010010101010101110011;00000000000000000000000010011;546185
29;1;4096;20;01000000010101110100101001110;00000000000000000100101001110;321867
29;1;4096;20;11001000111000000100010101111;00000000000000000100010101111;334547
29;1;4096;20;01010110001010000011101110001;00000000000000000011101110001;533821
29;1;4096;20;00111101110101101011001000001;00000000000000001011001000001;321453
29;1;4096;20;11100111101101101010000001011;00000000000000001010000001011;338812
29;1;4096;20;01001001011010110000100110111;00000000000000000000100110111;324997
29;1;4096;20;01101010000000000101000111011;00000000000000000101000111011;319699
29;1;4096;20;10100100110010110000010001110;00000000000000000000010001110;327222
29;1;4096;20;00111000011111110110010100001;00000000000000000110010100001;370158
29;1;4096;20;01011000110111100110100100000;00000000000000000110100100000;330206
29;1;4096;20;10011100000111101101000000001;00000000000000001101000000001;333381
29;1;4096;20;01100100001001010010001001110;00000000000000000010001001110;327227
29;1;4096;20;11011101110110010111111001101;00000000000000000111111001101;327128
29;1;4096;20;10101000101011101010010010100;00000000000000001010010010100;367204
30;1;4096;20;110011011010011100011001100111;000000000000000000011001100111;335134
30;1;4096;20;110011011010011100011001100111;000000000000000000011001100111;332914
30;1;4096;20;001111010001000111111111111010;000000000000000000000000000000;548173
30;1;4096;20;101000110110001101000100111010;000000000000000000000000000000;326207
30;1;4096;20;011110010000100011001111011101;000000000000000000001111011101;332214
30;1;4096;20;001000011010101101110100011011;000000000000000000010100011011;324566
30;1;4096;20;110001000110001011100110111101;000000000000000000100110111101;328413
30;1;4096;20;101111001110110100001111110101;000000000000000000001111110101;410969
30;1;4096;20;111101001000101001100001111000;000000000000000001100001111000;335630
30;1;4096;20;010111101001010111001000000011;000000000000000001001000000011;332302
30;1;4096;20;110101001001101001100001101111;000000000000000000100001101111;334380
30;1;4096;20;001101011101011001011010111111;000000000000000000011010111111;330061
30;1;4096;20;000000101100101001001011010000;000000000000000001001011010000;327029
30;1;4096;20;001111101111110111110110101010;000000000000000000110110101010;345540
30;1;4096;20;011010000101111000010000011011;000000000000000000010000011011;332209
30;1;4096;20;000111001111010110011011010101;000000000000000000011011010101;351706
30;1;4096;20;001100100010011111110101111100;000000000000000000110101111100;513774
30;1;4096;20;000011011111111010110110111001;000000000000000000110110111001;324849
30;1;4096;20;011111010011110001111001010110;000000000000000000111001010110;343987
30;1;4096;20;001010001110000111100000011001;000000000000000000000000011001;344559
30;1;4096;20;000111011000010101001011000111;000000000000000000001011000111;336450
30;1;4096;20;100010001110100000111100110000;000000000000000000111100110000;337164
30;1;4096;20;010001111100101111001011000010;000000000000000001001011000010;335970
30;1;4096;20;010010000111101001111000001110;000000000000000000011000001110;333739
30;1;4096;20;111101111100001110101101001001;000000000000000000101101001001;320636
30;1;4096;20;111000000011000110110011011101;000000000000000000110011011101;331052
30;1;4096;20;101001110110001000111010110101;000000000000000000111010110101;650002
30;1;4096;20;101000011111001001101000100101;000000000000000000101000100101;340803
30;1;4096;20;001000000010000000100101110011;000000000000000000100101110011;504442
30;1;4096;20;010101101001000100111101110111;000000000000000000111101110111;347202
30;1;4096;20;011001111111101011101110100101;000000000000000000101110100101;335419
30;1;4096;20;101100000010111010111001001000;000000000000000000000000000000;344627
30;1;4096;20;100001110110000110101000001010;000000000000000000101000001010;456641
30;1;4096;20;111101010100000101010111100111;111111111111111111111111111111;338945
30;1;4096;20;101110100101100000100001000110;000000000000000000100001000110;339427
30;1;4096;20;001100111110011000111110001000;000000000000000000111110001000;341583
30;1;4096;20;010000110100110100100011100100;000000000000000000000011100100;344406
30;1;4096;20;111111111001110100100110110111;000000000000000000100110110111;340659
30;1;4096;20;001010111111001000010001101000;000000000000000000010001101000;334808
30;1;4096;20;110001111000111011100000011100;000000000000000001100000011100;350754
30;1;4096;20;011010000001011010100110011010;000000000000000000100110011010;328859
30;1;4096;20;001101010011001011001001101101;000000000000000001001001101101;348545
30;1;4096;20;101001001100010110010001000110;000000000000000000010001000110;425932
30;1;4096;20;011010110010010101111101000100;000000000000000000111101000100;351359
30;1;4096;20;010100001110011101110011111001;000000000000000000110011111001;351279
30;1;4096;20;111011001110110000101110010010;000000000000000000101110010010;420814
30;1;4096;20;001101110110001110110101000101;000000000000000000110101000101;342368
30;1;4096;20;100101111110110100001111000110;000000000000000000001111000110;509606
30;1;4096;20;101100000010101100011111100111;000000000000000000011111100111;330174
30;1;4096;20;011100111110110100010111111100;000000000000000000010111111100;460442
30;1;4096;20;101101000001100111111000101010;111111111111111111111111111111;344793
30;1;4096;20;101001100011110111010010011001;000000000000000001010010011001;348613
30;1;4096;20;101010000010000111010110100010;000000000000000000000000000000;348442
30;1;4096;20;010111000011100101000010011110;111111111111111111111111111111;334792
30;1;4096;20;001001010000001111101000001000;000000000000000001101000001000;343940
30;1;4096;20;101011000110101010110101000110;000000000000000000110101000110;349416
30;1;4096;20;011101100001010110011000111111;000000000000000000011000111111;432593
30;1;4096;20;010000001010001010110111011010;111111001110000000110111011010;340629
30;1;4096;20;101111100110011110001101101001;000000000000000000001101101001;539703
30;1;4096;20;010100000011000001011111101111;000000000000000000011111101111;338422
30;1;4096;20;111001110001011010000000111001;000000000000000000000000111001;433622
30;1;4096;20;001011111110100010100000110010;000000000000000000100000110010;337928
30;1;4096;20;100000111001101000001011000010;000000000000000000001011000010;336083
30;1;4096;20;000111001000000110001000101011;000000000000000000001000101011;325430
30;1;4096;20;011000111011011111110010101000;000000000000000001110010101000;406048
30;1;4096;20;001010001110001010010101100001;000000000000000000000000000000;343520
30;1;4096;20;000010101100001101010100010111;000000000000000000000000010111;453605
30;1;4096;20;011111001011110101101110001111;000000000000000000001110001111;335465
30;1;4096;20;001100110110000110001010001010;000000000000000000001010001010;346288
30;1;4096;20;010000101111101001100100011101;000000000000000000100100011101;345142
30;1;4096;20;011000101010010000111001000000;000000000000000000111001000000;338048
30;1;4096;20;111011000000110011010010010100;000000000000000000000000000000;336603
30;1;4096;20;011011000010010100110110111110;000000000000000000110110111110;357350
30;1;4096;20;001011010110110011110000010000;000000000000000001110000010000;347345
30;1;4096;20;101011100000101100011101110110;000000000000000000011101110110;344873
30;1;4096;20;011001011110100011111111010011;000000000000000000111111010011;446924
30;1;4096;20;011110001101111100100011100001;000000000000000000100011100001;351377
30;1;4096;20;010010110001010111101010110010;000000000000000000000000000000;356733
30;1;4096;20;100001010011011110010001110000;000000000000000000010001110000;344454
30;1;4096;20;010010010110000000101000000011;000000000000000000101000000011;565104
30;1;4096;20;100010001100001010000101000011;000000000000000000000101000011;517247
30;1;4096;20;111111011110011110111000011100;000000000000000000111000011100;338066
30;1;4096;20;110001011110100110010011010111;000000000000000000010011010111;341076
30;1;4096;20;111110111111000010101111110001;000000000000000000101111110001;345915
30;1;4096;20;010000001010110001010000000101;000000000000000001010000000101;328873
30;1;4096;20;010101011010010101010101110011;000000000000000000010101100011;478441
30;1;4096;20;001000000010101110100101001110;000000000000000000100101001110;342619
30;1;4096;20;111001000111000000100010101111;000000000000000000000010101111;335586
30;1;4096;20;001010110001010000011101110001;000000000000000000011101110001;342901
30;1;4096;20;100111101110101101011001000001;000000000000000001011001000001;334592
30;1;4096;20;111100111101101101010000001011;000000000000000001010000001011;350458
30;1;4096;20;101001001011010110000100110111;000000000000000000000100110111;392699
30;1;4096;20;001101010000000000101000111011;000000000000000000101000111011;345614
30;1;4096;20;010100100110010110000010001110;000000000000000000000010001110;352398
30;1;4096;20;100111000011111110110010100001;000000000000000000110010100001;332403
30;1;4096;20;001011000110111100110100100000;000000000000000000110100100000;332351
30;1;4096;20;010011100000111101101000000001;000000000000000001101000000001;336375
30;1;4096;20;101100100001001010010001001110;000000000000000000010001001110;332709
30;1;4096;20;011011101110110010111111001101;000000000000000000111111001101;350970
30;1;4096;20;110101000101011101010010010100;000000000000000001010010010100;335584
31;1;4096;20;1110011011010011100011001100111;0000000000000000000011001100111;484521
31;1;4096;20;1110011011010011100011001100111;0000000000000000000011001100111;494953
31;1;4096;20;1001111010001000111111111111010;0000000000000000000011111111010;346250
31;1;4096;20;0101000110110001101000100111010;0000000000000000000000000000000;341528
31;1;4096;20;0011110010000100011001111011101;0000000000000000000001111011101;336486
31;1;4096;20;0001000011010101101110100011011;0000000000000000000000100011011;488060
31;1;4096;20;0110001000110001011100110111101;1111111111111111111111111111111;401056
31;1;4096;20;0101111001110110100001111110101;0000000000000000000001111110101;338033
31;1;4096;20;1111101001000101001100001111000;0000000000000000001100001111000;541200
31;1;4096;20;1010111101001010111001000000011;0000000000000000001001000000011;629494
31;1;4096;20;0110101001001101001100001101111;0000000000000000000100001101111;530337
31;1;4096;20;0001101011101011001011010111111;0000000000000000000000000000000;352367
31;1;4096;20;1000000101100101001001011010000;0000000000000000001001011010000;344422
31;1;4096;20;0001111101111110111110110101010;0000000000000000000110110101010;336851
31;1;4096;20;1011010000101111000010000011011;0000000000000000000010000011011;464593
31;1;4096;20;0000111001111010110011011010101;0000000000000000000011011010101;350173
31;1;4096;20;1001100100010011111110101111100;0000000000000000000110101111100;344424
31;1;4096;20;0000011011111111010110110111001;0000000000000000000110110111001;342310
31;1;4096;20;1011111010011110001111001010110;0000000000000000000111001010110;339910
31;1;4096;20;0001010001110000111100000011001;0000000000000000000000000001000;910202
31;1;4096;20;1000111011000010101001011000111;0000000000000000000001011000111;349118
31;1;4096;20;1100010001110100000111100110000;0000000000000000000111100110000;492717
31;1;4096;20;0010001111100101111001011000010;0000000000000000001001011000010;335532
31;1;4096;20;0010010000111101001111000001110;0000000000000000000011000001110;334225
31;1;4096;20;1111101111100001110101101001001;0000000000000000000101101001001;330962
31;1;4096;20;1111000000011000110110011011101;0000000000000000000110011011101;333502
31;1;4096;20;0101001110110001000111010110101;0000000000000000000111010110101;414384
31;1;4096;20;0101000011111001001101000100101;0000000000000000000101000100101;342152
31;1;4096;20;1001000000010000000100101110011;0000000000000000000100101110011;335828
31;1;4096;20;1010101101001000100111101110111;0000000000000000000111101110111;339647
31;1;4096;20;0011001111111101011101110100101;0000000000000000000101110100101;451509
31;1;4096;20;1101100000010111010111001001000;0000000000000000000111001001000;356372
31;1;4096;20;0100001110110000110101000001010;0000000000000000000101000001010;371387
31;1;4096;20;0111101010100000101010111100111;0000000000000000000010111100111;349888
31;1;4096;20;0101110100101100000100001000110;0000000000000000000100001000110;367772
31;1;4096;20;0001100111110011000111110001000;0000000000000000000111110001000;337381
31;1;4096;20;0010000110100110100100011100100;0000000000000000000000011100100;339935
31;1;4096;20;1111111111001110100100110110111;0000000000000000000100110110111;391812
31;1;4096;20;1001010111111001000010001101000;0000000000000000000010001101000;330555
31;1;4096;20;0110001111000111011100000011100;1111111111111111111111111111111;335851
31;1;4096;20;1011010000001011010100110011010;0000000000000000000100110011010;334735
31;1;4096;20;1001101010011001011001001101101;0000000000000000001001001101101;347677
31;1;4096;20;0101001001100010110010001000110;0000000000000000000010001000110;351173
31;1;4096;20;1011010110010010101111101000100;0000000000000000001111101000100;337579
31;1;4096;20;1010100001110011101110011111001;0000000000000000000110011111001;332815
31;1;4096;20;1111011001110110000101110010010;1111111111111111111111111111111;339669
31;1;4096;20;1001101110110001110110101000101;0000000000000000000110101000101;341825
31;1;4096;20;0100101111110110100001111000110;0000000000000000000001111000110;502898
31;1;4096;20;1101100000010101100011111100111;0000000000000000000011111100111;342608
31;1;4096;20;1011100111110110100010111111100;0000000000000000000010111111100;333863
31;1;4096;20;0101101000001100111111000101010;0000000000000000000011000101010;374683
31;1;4096;20;0101001100011110111010010011001;0000000000000000001010010011001;333650
31;1;4096;20;0101010000010000111010110100010;0000000000000000001010110100010;334136
31;1;4096;20;0010111000011100101000010011110;0000000000000000001000010011110;331697
31;1;4096;20;0001001010000001111101000001000;0000000000000000001101000001000;429418
31;1;4096;20;1101011000110101010110101000110;0000000000000000000110101000110;339966
31;1;4096;20;1011101100001010110011000111111;0000000000000000000001000111111;336032
31;1;4096;20;1010000001010001010110111011010;0000000000000000000110111011010;339493
31;1;4096;20;0101111100110011110001101101001;1011111111111110111111111111111;514772
31;1;4096;20;0010100000011000001011111101111;0000000000000000000011111101111;342029
31;1;4096;20;0111001110001011010000000111001;0000000000000000000000000111001;333484
31;1;4096;20;0001011111110100010100000110010;0000000000000000000100000110010;350354
31;1;4096;20;0100000111001101000001011000010;0000000000000000000001011000010;429251
31;1;4096;20;0000111001000000110001000101011;0000000000000000000001000101011;334683
31;1;4096;20;1011000111011011111110010101000;0000000000000000001110010101000;337257
31;1;4096;20;1001010001110001010010101100001;0000000000000000000010101100001;334481
31;1;4096;20;1000010101100001101010100010111;1101111111111110111111111111111;340702
31;1;4096;20;0011111001011110101101110001111;0000000000000000000000000001111;510606
31;1;4096;20;0001100110110000110001010001010;0000000000000000000001010001010;350479
31;1;4096;20;0010000101111101001100100011101;0000000000000000000100100011101;331316
31;1;4096;20;1011000101010010000111001000000;0000000000000000000111001000000;334511
31;1;4096;20;0111011000000110011010010010100;0000000000000000001010010010100;331598
31;1;4096;20;1011011000010010100110110111110;0000000000000000000110110111110;342269
31;1;4096;20;0001011010110110011110000010000;0000000000000000001110000010000;349600
31;1;4096;20;0101011100000101100011101110110;0000000000000000000011101110110;372558
31;1;4096;20;0011001011110100011111111010011;0000000000000000000111111010011;348481
31;1;4096;20;1011110001101111100100011100001;0000000000000000000000011100001;332074
31;1;4096;20;1010010110001010111101010110010;0000000000000000001101010110010;336872
31;1;4096;20;1100001010011011110010001110000;0000000000000000000010001110000;337930
31;1;4096;20;0010010010110000000101000000011;0000000000000000000101000000011;582032
31;1;4096;20;1100010001100001010000101000011;0000000000000000000000101000011;350780
31;1;4096;20;0111111011110011110111000011100;0000000000000000000111000011100;491279
31;1;4096;20;0110001011110100110010011010111;0000000000000000000010011010111;351720
31;1;4096;20;0111110111111000010101111110001;0000000000000000000101111110001;397393
31;1;4096;20;1010000001010110001010000000101;0000000000000000001010000000101;362761
31;1;4096;20;0010101011010010101010101110011;0000000000000000000010101110011;351446
31;1;4096;20;0001000000010101110100101001110;0000000000000000000000101001110;430360
31;1;4096;20;1111001000111000000100010101111;0000000000000000000000010101111;356993
31;1;4096;20;1001010110001010000011101110001;0000000000000000000011101110001;346736
31;1;4096;20;0100111101110101101011001000001;0000000000000000001011001000001;347827
31;1;4096;20;1111100111101101101010000001011;0000000000000000000000000000000;333632
31;1;4096;20;0101001001011010110000100110111;0000000000000000000000100110111;329357
31;1;4096;20;1001101010000000000101000111011;0000000000000000000000000000000;345065
31;1;4096;20;1010100100110010110000010001110;0000000000000000000000010001110;349808
31;1;4096;20;0100111000011111110110010100001;0000000000000000000110010100001;343240
31;1;4096;20;1001011000110111100110100100000;0000000000000000000110100100000;328643
31;1;4096;20;1010011100000111101101000000001;0000000000000000001101000000001;334991
31;1;4096;20;0101100100001001010010001001110;0000000000000000000010001001110;336593
31;1;4096;20;0011011101110110010111111001101;0000000000000000000111111001101;409180
31;1;4096;20;0110101000101011101010010010100;0000000000000000001010010010100;475232
32;1;4096;20;01110011011010011100011001100111;00000000000000000000011001100111;343351
32;1;4096;20;01110011011010011100011001100111;00000000000000000000011001100111;347244
32;1;4096;20;01001111010001000111111111111010;00000000000000000000001111111010;384214
32;1;4096;20;00101000110110001101000100111010;00000000000000000001000100111010;541615
32;1;4096;20;00011110010000100011001111011101;11111111111111111110111111111111;341868
32;1;4096;20;00001000011010101101110100011011;00000000000000000000000100011011;518544
32;1;4096;20;00110001000110001011100110111101;00000000000000000000100110111101;342973
32;1;4096;20;10101111001110110100001111110101;00000000000000000000001111110101;525758
32;1;4096;20;01111101001000101001100001111000;11101111111110111111111111111111;348216
32;1;4096;20;01010111101001010111001000000011;11111111111111111111111111111111;477993
32;1;4096;20;00110101001001101001100001101111;00000000000000000000100001101111;476848
32;1;4096;20;00001101011101011001011010111111;00000000000000000000011010111111;442177
32;1;4096;20;11000000101100101001001011010000;00000000000000000001001011010000;522268
32;1;4096;20;10001111101111110111110110101010;00000000000000000000110110101010;360780
32;1;4096;20;01011010000101111000010000011011;00000000000000000000010000011011;350946
32;1;4096;20;10000111001111010110011011010101;00000000000000000000011011010101;339487
32;1;4096;20;01001100100010011111110101111100;00000000000000000000110101111100;388918
32;1;4096;20;00000011011111111010110110111001;00000000000000000000110110111001;350849
32;1;4096;20;11011111010011110001111001010110;00000000000000000000111001010110;367549
32;1;4096;20;00001010001110000111100000011001;00000000000000000000000000011001;353338
32;1;4096;20;01000111011000010101001011000111;00000000000000000000001011000111;352601
32;1;4096;20;01100010001110100000111100110000;00000000000000000000111100110000;332221
32;1;4096;20;10010001111100101111001011000010;00000000000000000001001011000010;419154
32;1;4096;20;10010010000111101001111000001110;00000000000000000001111000001110;358788
32;1;4096;20;01111101111100001110101101001001;00000000000000000000101101001001;354244
32;1;4096;20;01111000000011000110110011011101;00000000000000000000110011011101;356271
32;1;4096;20;00101001110110001000111010110101;00000000000000000000111010110101;348394
32;1;4096;20;00101000011111001001101000100101;00000000000000000000101000100101;349640
32;1;4096;20;01001000000010000000100101110011;00000000000000000000100101110011;501732
32;1;4096;20;01010101101001000100111101110111;00000000000000000000111101110111;360856
32;1;4096;20;00011001111111101011101110100101;00000000000000000000101110100101;365803
32;1;4096;20;01101100000010111010111001001000;00000000000000000000000000001000;414890
32;1;4096;20;10100001110110000110101000001010;00000000000000000000101000001010;357314
32;1;4096;20;10111101010100000101010111100111;00000000000000000000010111100111;350140
32;1;4096;20;10101110100101100000100001000110;00000000000000000000100001000110;355529
32;1;4096;20;00001100111110011000111110001000;00000000000000000000111110001000;356047
32;1;4096;20;10010000110100110100100011100100;00000000000000000000100011100100;347433
32;1;4096;20;11111111111001110100100110110111;00000000000000000000100110110111;349048
32;1;4096;20;01001010111111001000010001101000;00000000000000000000010001101000;356912
32;1;4096;20;00110001111000111011100000011100;00000000000000000001100000011100;351960
32;1;4096;20;01011010000001011010100110011010;00000000000000000000100110011010;355694
32;1;4096;20;01001101010011001011001001101101;00000000000000000000000000000001;462177
32;1;4096;20;00101001001100010110010001000110;00000000000000000000010001000110;506870
32;1;4096;20;11011010110010010101111101000100;00000000000000000000111101000100;348519
32;1;4096;20;01010100001110011101110011111001;00000000000000000000110011111001;394432
32;1;4096;20;01111011001110110000101110010010;00000000000000000000101110010010;358375
32;1;4096;20;01001101110110001110110101000101;00000000000000000000110101000101;359882
32;1;4096;20;10100101111110110100001111000110;00000000000000000000001111000110;360176
32;1;4096;20;11101100000010101100011111100111;00000000000000000000011111100111;347024
32;1;4096;20;01011100111110110100010111111100;00000000000000000000010111111100;373517
32;1;4096;20;10101101000001100111111000101010;00000000000000000000001000101010;379136
32;1;4096;20;10101001100011110111010010011001;00000000000000000000010010011001;361403
32;1;4096;20;10101010000010000111010110100010;00000000000000000001010110100010;1383156
32;1;4096;20;10010111000011100101000010011110;00000000000000000001000010011110;351202
32;1;4096;20;10001001010000001111101000001000;00000000000000000001101000001000;354363
32;1;4096;20;11101011000110101010110101000110;00000000000000000000010101000110;476713
32;1;4096;20;11011101100001010110011000111111;00000000000000000000011000011111;363725
32;1;4096;20;01010000001010001010110111011010;00000000000000000000110111011010;363726
32;1;4096;20;10101111100110011110001101101001;00000000000000000000001101101001;350627
32;1;4096;20;00010100000011000001011111101111;00000000000000000000011111101111;356430
32;1;4096;20;10111001110001011010000000111001;00000000000000000000000000111001;351854
32;1;4096;20;00001011111110100010100000110010;00000000000000000000100000110010;347203
32;1;4096;20;00100000111001101000001011000010;00000000000000000000001011000010;354697
32;1;4096;20;10000111001000000110001000101011;00000000000000000000001000101011;363756
32;1;4096;20;11011000111011011111110010101000;00000000000000000000110010101000;357344
32;1;4096;20;01001010001110001010010101100001;00000000000000000000010101100001;355747
32;1;4096;20;11000010101100001101010100010111;00000000000000000000000100010111;352614
32;1;4096;20;10011111001011110101101110001111;00000000000000000000101110001111;352229
32;1;4096;20;00001100110110000110001010001010;00000000000000000000001010001010;342060
32;1;4096;20;00010000101111101001100100011101;00000000000000000000100100011101;341103
32;1;4096;20;01011000101010010000111001000000;11010111011111111110111111111111;340190
32;1;4096;20;00111011000000110011010010010100;00000000000000000001010010010100;351028
32;1;4096;20;11011011000010010100110110111110;00000000000000000000110110111110;348144
32;1;4096;20;10001011010110110011110000010000;00000000000000000001110000010000;419602
32;1;4096;20;10101011100000101100011101110110;00000000000000000000011101110110;345066
32;1;4096;20;10011001011110100011111111010011;00000000000000000000111111010011;450692
32;1;4096;20;01011110001101111100100011100001;11111111111111111111111111111111;366464
32;1;4096;20;11010010110001010111101010110010;00000000000000000000101010110010;362347
32;1;4096;20;11100001010011011110010001110000;00000000000000000000010001110000;367896
32;1;4096;20;00010010010110000000101000000011;00000000000000000000101000000011;363200
32;1;4096;20;01100010001100001010000101000011;00000000000000000000000101000011;358927
32;1;4096;20;10111111011110011110111000011100;00000000000000000000111000011100;361903
32;1;4096;20;00110001011110100110010011010111;00000000000000000000010011010111;352529
32;1;4096;20;10111110111111000010101111110001;11111111111111111111111111111111;359912
32;1;4096;20;11010000001010110001010000000101;00000000000000000001010000000101;337769
32;1;4096;20;00010101011010010101010101110011;00000000000000000000010101110011;343966
32;1;4096;20;10001000000010101110100101001110;00000000000000000000100101001110;347903
32;1;4096;20;01111001000111000000100010101111;00000000000000000000100010101111;344817
32;1;4096;20;11001010110001010000011101110001;00000000000000000000011101110001;633997
32;1;4096;20;10100111101110101101011001000001;00000000000000000001011001000001;351012
32;1;4096;20;01111100111101101101010000001011;00000000000000000001010000001011;436995
32;1;4096;20;00101001001011010110000100110111;00000000000000000000000100110111;358901
32;1;4096;20;11001101010000000000101000111011;00000000000000000000101000111011;345017
32;1;4096;20;01010100100110010110000010001110;00000000000000000000000010001110;368088
32;1;4096;20;10100111000011111110110010100001;00000000000000000000110010100001;450807
32;1;4096;20;11001011000110111100110100100000;00000000000000000000110100100000;457182
32;1;4096;20;01010011100000111101101000000001;00000000000000000001101000000001;435030
32;1;4096;20;10101100100001001010010001001110;00000000000000000000010001001110;337607
32;1;4096;20;10011011101110110010111111001101;00000000000000000000111111001101;352932
32;1;4096;20;10110101000101011101010010010100;00000000000000000001010010010100;344946
